comissao_id,casa,id_parlamentar,cargo,situacao
2001,camara,136811,Titular,Titular
2001,camara,178835,Suplente,Suplente
2001,camara,160527,Suplente,Suplente
2001,camara,204495,Suplente,Suplente
2001,camara,204549,Suplente,Suplente
2001,camara,160559,Suplente,Suplente
2001,camara,204413,Suplente,Suplente
2001,camara,178833,Suplente,Suplente
2001,camara,204400,Titular,Titular
2001,camara,178831,Suplente,Suplente
2001,camara,141391,Suplente,Suplente
2001,camara,204414,Titular,Titular
2001,camara,109429,Suplente,Suplente
2001,camara,141335,Titular,Titular
2001,camara,178948,Suplente,Suplente
2001,camara,204561,Suplente,Suplente
2001,camara,160538,Suplente,Suplente
2001,camara,74052,Titular,Titular
2001,camara,178993,Suplente,Suplente
2001,camara,204426,Suplente,Suplente
2001,camara,204369,Suplente,Suplente
2001,camara,204370,Suplente,Suplente
2001,camara,141405,Suplente,Suplente
2001,camara,205476,Suplente,Suplente
2001,camara,204440,Suplente,Suplente
2001,camara,141408,Suplente,Suplente
2001,camara,135054,Titular,Titular
2001,camara,141411,Titular,Titular
2001,camara,204367,Suplente,Suplente
2001,camara,116379,Suplente,Suplente
2001,camara,160588,Suplente,Suplente
2001,camara,178929,Suplente,Suplente
2001,camara,160599,Titular,Titular
2001,camara,143632,Titular,Titular
2001,camara,160758,Titular,Titular
2001,camara,204351,Suplente,Suplente
2001,camara,204434,Titular,Titular
2001,camara,161550,Titular,Titular
2001,camara,207309,Suplente,Suplente
2001,camara,204537,Suplente,Suplente
2001,camara,204482,Titular,Titular
2001,camara,178871,Titular,Titular
2001,camara,178930,Titular,Titular
2001,camara,178953,Suplente,Suplente
2001,camara,66828,Presidente,Titular
2001,camara,204510,Titular,Titular
2001,camara,204393,Titular,Titular
2001,camara,204473,Suplente,Suplente
2001,camara,204527,Suplente,Suplente
2001,camara,74383,Suplente,Suplente
2001,camara,178964,Titular,Titular
2001,camara,204436,Titular,Titular
2001,camara,160570,Titular,Titular
2001,camara,204435,Suplente,Suplente
2001,camara,178970,Titular,Titular
2001,camara,204386,NA,Titular
2001,camara,204474,Titular,Titular
2001,camara,74317,Suplente,Suplente
2001,camara,204574,Titular,Titular
2001,camara,204550,Suplente,Suplente
2001,camara,204404,Suplente,Suplente
2001,camara,178931,Suplente,Suplente
2001,camara,178954,Titular,Titular
2001,camara,160645,Titular,Titular
2001,camara,162332,NA,Titular
2001,camara,166402,Suplente,Suplente
2001,camara,204471,Titular,Titular
2001,camara,205863,Titular,Titular
2001,camara,133810,Titular,Titular
2001,camara,160535,Titular,Titular
2001,camara,204403,Titular,Titular
2001,camara,204566,Suplente,Suplente
2001,camara,204449,Titular,Titular
2001,camara,146307,NA,Titular
2001,camara,194260,Titular,Titular
2001,camara,204475,Suplente,Suplente
2001,camara,204570,Titular,Titular
2001,camara,204538,Suplente,Suplente
2001,camara,204395,Titular,Titular
2001,camara,204406,Suplente,Suplente
2001,camara,204567,Titular,Titular
2001,camara,204489,Titular,Titular
2001,camara,74305,Titular,Titular
2001,camara,204530,Suplente,Suplente
2001,camara,160651,Titular,Titular
2001,camara,204357,Suplente,Suplente
2001,camara,90842,Suplente,Suplente
2001,camara,204399,Titular,Titular
2001,camara,178933,Suplente,Suplente
2001,camara,204438,Suplente,Suplente
2001,camara,204437,Suplente,Suplente
2001,camara,204360,Suplente,Suplente
2001,camara,197438,Titular,Titular
2001,camara,178934,Suplente,Suplente
2001,camara,160610,Titular,Titular
2001,camara,141552,Titular,Titular
2001,camara,204396,Titular,Titular
2001,camara,204483,Titular,Titular
2001,camara,204532,Suplente,Suplente
2001,camara,178952,Suplente,Suplente
2001,camara,178889,Titular,Titular
2001,camara,160632,Titular,Titular
2003,camara,204528,Suplente,Suplente
2003,camara,74646,Suplente,Suplente
2003,camara,178835,Titular,Titular
2003,camara,160527,Titular,Titular
2003,camara,160559,Titular,Titular
2003,camara,204501,Titular,Titular
2003,camara,178972,Suplente,Suplente
2003,camara,160545,Suplente,Suplente
2003,camara,178927,Suplente,Suplente
2003,camara,73696,Suplente,Suplente
2003,camara,160541,Suplente,Suplente
2003,camara,160600,Titular,Titular
2003,camara,160512,Titular,Titular
2003,camara,178948,Titular,Titular
2003,camara,204374,NA,Titular
2003,camara,141513,Titular,Titular
2003,camara,204487,Suplente,Suplente
2003,camara,204369,NA,Titular
2003,camara,204499,Suplente,Suplente
2003,camara,141405,Titular,Titular
2003,camara,204476,Suplente,Suplente
2003,camara,204462,Suplente,Suplente
2003,camara,178939,Titular,Titular
2003,camara,204514,Suplente,Suplente
2003,camara,141411,Suplente,Suplente
2003,camara,204367,Titular,Titular
2003,camara,160528,Titular,Titular
2003,camara,116379,Titular,Titular
2003,camara,73891,Suplente,Suplente
2003,camara,178908,Titular,Titular
2003,camara,204512,Titular,Titular
2003,camara,204569,Suplente,Suplente
2003,camara,164359,Titular,Titular
2003,camara,178929,Titular,Titular
2003,camara,204518,Suplente,Suplente
2003,camara,204562,Titular,Titular
2003,camara,141417,Suplente,Suplente
2003,camara,204541,Titular,Titular
2003,camara,178977,Titular,Titular
2003,camara,204537,Titular,Titular
2003,camara,160575,Suplente,Suplente
2003,camara,178930,Suplente,Suplente
2003,camara,178953,Titular,Titular
2003,camara,204368,Suplente,Suplente
2003,camara,160587,Titular,Titular
2003,camara,204398,Presidente,Titular
2003,camara,204354,Suplente,Suplente
2003,camara,204392,Suplente,Suplente
2003,camara,160669,Titular,Titular
2003,camara,204527,Titular,Titular
2003,camara,204394,Suplente,Suplente
2003,camara,204575,Titular,Titular
2003,camara,204365,Titular,Titular
2003,camara,160673,Suplente,Suplente
2003,camara,204531,Suplente,Suplente
2003,camara,204442,Suplente,Suplente
2003,camara,178981,Titular,Titular
2003,camara,178959,Titular,Titular
2003,camara,160674,Suplente,Suplente
2003,camara,204436,Suplente,Suplente
2003,camara,74366,Titular,Titular
2003,camara,204429,Titular,Titular
2003,camara,204576,Titular,Titular
2003,camara,204468,Titular,Titular
2003,camara,141470,Titular,Titular
2003,camara,204472,Suplente,Suplente
2003,camara,204563,Titular,Titular
2003,camara,73586,Titular,Titular
2003,camara,204502,Suplente,Suplente
2003,camara,204550,Titular,Titular
2003,camara,204536,Suplente,Suplente
2003,camara,98057,NA,Titular
2003,camara,204359,Titular,Titular
2003,camara,204404,Suplente,Suplente
2003,camara,178879,Suplente,Suplente
2003,camara,160510,Titular,Titular
2003,camara,160645,Suplente,Suplente
2003,camara,204543,Titular,Titular
2003,camara,162332,Suplente,Suplente
2003,camara,204526,Suplente,Suplente
2003,camara,204418,Titular,Titular
2003,camara,146788,Titular,Titular
2003,camara,76874,Suplente,Suplente
2003,camara,204556,Titular,Titular
2003,camara,179001,Titular,Titular
2003,camara,204430,Titular,Titular
2003,camara,74398,Titular,Titular
2003,camara,75431,Suplente,Suplente
2003,camara,74749,Suplente,Suplente
2003,camara,74571,Titular,Titular
2003,camara,146307,Suplente,Suplente
2003,camara,204479,Titular,Titular
2003,camara,74159,Suplente,Suplente
2003,camara,204498,Suplente,Suplente
2003,camara,178987,Suplente,Suplente
2003,camara,204363,Suplente,Suplente
2003,camara,160642,Titular,Titular
2003,camara,74160,Titular,Titular
2003,camara,141516,Titular,Titular
2003,camara,178860,Titular,Titular
2003,camara,193726,Titular,Titular
2003,camara,74574,Suplente,Suplente
2003,camara,141488,Titular,Titular
2003,camara,178912,Suplente,Suplente
2003,camara,204395,Suplente,Suplente
2003,camara,160604,Suplente,Suplente
2003,camara,204406,Suplente,Suplente
2003,camara,73486,Suplente,Suplente
2003,camara,74161,Suplente,Suplente
2003,camara,205865,Suplente,Suplente
2003,camara,178989,Suplente,Suplente
2003,camara,73801,Titular,Titular
2003,camara,204362,Suplente,Suplente
2003,camara,160651,Suplente,Suplente
2003,camara,73466,Titular,Titular
2003,camara,74371,Suplente,Suplente
2003,camara,73604,Suplente,Suplente
2003,camara,178990,Titular,Titular
2003,camara,204416,Suplente,Suplente
2003,camara,204438,Titular,Titular
2003,camara,178874,Suplente,Suplente
2003,camara,178961,Titular,Titular
2003,camara,204425,Suplente,Suplente
2003,camara,178947,Suplente,Suplente
2003,camara,177282,Titular,Titular
2003,camara,178922,Suplente,Suplente
2003,camara,204464,Titular,Titular
2003,camara,157130,Suplente,Suplente
2003,camara,141552,Suplente,Suplente
2003,camara,74044,Titular,Titular
2003,camara,160632,Suplente,Suplente
2003,camara,160592,Suplente,Suplente
2002,camara,178835,Suplente,Suplente
2002,camara,204501,Suplente,Suplente
2002,camara,204571,Titular,Titular
2002,camara,74471,Titular,Titular
2002,camara,133439,Titular,Titular
2002,camara,73696,NA,Titular
2002,camara,141391,Suplente,Suplente
2002,camara,141335,Suplente,Suplente
2002,camara,204388,Titular,Titular
2002,camara,141513,Suplente,Suplente
2002,camara,204487,Suplente,Suplente
2002,camara,204361,Titular,Titular
2002,camara,204380,Suplente,Suplente
2002,camara,204504,Titular,Titular
2002,camara,141408,Titular,Titular
2002,camara,204367,Suplente,Suplente
2002,camara,204409,Titular,Titular
2002,camara,204511,Titular,Titular
2002,camara,164359,Suplente,Suplente
2002,camara,143632,Suplente,Suplente
2002,camara,204518,Suplente,Suplente
2002,camara,178977,Suplente,Suplente
2002,camara,171623,Titular,Titular
2002,camara,204477,Suplente,Suplente
2002,camara,204371,Suplente,Suplente
2002,camara,160666,Presidente,Titular
2002,camara,204407,Suplente,Suplente
2002,camara,204484,Titular,Titular
2002,camara,204394,Titular,Titular
2002,camara,204491,Suplente,Suplente
2002,camara,73460,Titular,Titular
2002,camara,178909,Titular,Titular
2002,camara,74848,Suplente,Suplente
2002,camara,74273,Titular,Titular
2002,camara,178842,Suplente,Suplente
2002,camara,204429,Suplente,Suplente
2002,camara,205550,Suplente,Suplente
2002,camara,204372,Titular,Titular
2002,camara,151208,Suplente,Suplente
2002,camara,160534,Suplente,Suplente
2002,camara,139285,Suplente,Suplente
2002,camara,204405,Suplente,Suplente
2002,camara,204382,Titular,Titular
2002,camara,204381,Suplente,Suplente
2002,camara,204410,Suplente,Suplente
2002,camara,74784,Titular,Titular
2002,camara,81055,NA,Titular
2002,camara,204522,Suplente,Suplente
2002,camara,204431,Suplente,Suplente
2002,camara,204430,Suplente,Suplente
2002,camara,171619,Titular,Titular
2002,camara,204453,Suplente,Suplente
2002,camara,141516,Suplente,Suplente
2002,camara,193726,Suplente,Suplente
2002,camara,160558,Suplente,Suplente
2002,camara,204461,Suplente,Suplente
2002,camara,74574,Titular,Titular
2002,camara,204383,Suplente,Suplente
2002,camara,178989,Suplente,Suplente
2002,camara,152610,Titular,Titular
2002,camara,204530,Titular,Titular
2002,camara,141531,Suplente,Suplente
2002,camara,73604,Suplente,Suplente
2002,camara,160635,Suplente,Suplente
2002,camara,204535,Titular,Titular
2002,camara,74356,Suplente,Suplente
2002,camara,204534,Suplente,Suplente
2002,camara,206231,Titular,Titular
2002,camara,143084,Suplente,Suplente
2002,camara,204532,Titular,Titular
2002,camara,178992,Titular,Titular
2002,camara,204517,Titular,Titular
536996,camara,204495,Titular,Titular
536996,camara,204503,Suplente,Suplente
536996,camara,74057,Suplente,Suplente
536996,camara,204509,NA,Titular
536996,camara,73701,Presidente,Titular
536996,camara,141439,Titular,Titular
536996,camara,204409,Titular,Titular
536996,camara,205548,Suplente,Suplente
536996,camara,178929,Suplente,Suplente
536996,camara,160575,Suplente,Suplente
536996,camara,204477,Titular,Titular
536996,camara,204442,Suplente,Suplente
536996,camara,204564,Titular,Titular
536996,camara,74848,Titular,Titular
536996,camara,204472,Titular,Titular
536996,camara,139285,Suplente,Suplente
536996,camara,74585,Suplente,Suplente
536996,camara,204382,Suplente,Suplente
536996,camara,178931,Titular,Titular
536996,camara,204455,Titular,Titular
536996,camara,178866,Titular,Titular
536996,camara,204433,Titular,Titular
536996,camara,171619,Suplente,Suplente
536996,camara,74398,NA,Titular
536996,camara,141488,Suplente,Suplente
536996,camara,204525,Suplente,Suplente
536996,camara,74371,Titular,Titular
536996,camara,90842,Suplente,Suplente
536996,camara,178947,Suplente,Suplente
536996,camara,178922,Titular,Titular
536996,camara,160976,Titular,Titular
536996,camara,157130,Titular,Titular
536996,camara,141552,Suplente,Suplente
536996,camara,204505,Titular,Titular
536996,camara,160569,Titular,Titular
2004,camara,204379,NA,Titular
2004,camara,204571,Suplente,Suplente
2004,camara,204423,Suplente,Suplente
2004,camara,160512,Suplente,Suplente
2004,camara,204358,Titular,Titular
2004,camara,204487,Titular,Titular
2004,camara,204370,Titular,Titular
2004,camara,73441,Titular,Titular
2004,camara,204476,Titular,Titular
2004,camara,204514,Titular,Titular
2004,camara,116379,Suplente,Suplente
2004,camara,204518,Suplente,Suplente
2004,camara,141422,Titular,Titular
2004,camara,204364,Titular,Titular
2004,camara,160532,Suplente,Suplente
2004,camara,160640,Titular,Titular
2004,camara,204477,Suplente,Suplente
2004,camara,72442,NA,Titular
2004,camara,204510,Suplente,Suplente
2004,camara,204494,Titular,Titular
2004,camara,204365,Suplente,Suplente
2004,camara,198197,Suplente,Suplente
2004,camara,204442,Titular,Titular
2004,camara,73531,Titular,Titular
2004,camara,141458,Suplente,Suplente
2004,camara,141459,Presidente,Titular
2004,camara,205550,NA,Titular
2004,camara,73586,Suplente,Suplente
2004,camara,150418,Suplente,Suplente
2004,camara,90201,Titular,Titular
2004,camara,73943,Titular,Titular
2004,camara,178989,Suplente,Suplente
2004,camara,160655,Suplente,Suplente
2004,camara,178920,Titular,Titular
2004,camara,178922,Suplente,Suplente
2004,camara,178863,Titular,Titular
2004,camara,195866,Suplente,Suplente
2004,camara,141552,Suplente,Suplente
2004,camara,141555,Titular,Titular
2004,camara,160518,Titular,Titular
2004,camara,74439,Suplente,Suplente
2008,camara,204516,Titular,Titular
2008,camara,204356,Titular,Titular
2008,camara,160665,Suplente,Suplente
2008,camara,160512,Suplente,Suplente
2008,camara,204551,Presidente,Titular
2008,camara,204380,Suplente,Suplente
2008,camara,204490,Titular,Titular
2008,camara,74060,Suplente,Suplente
2008,camara,141422,Suplente,Suplente
2008,camara,198783,Titular,Titular
2008,camara,132504,Suplente,Suplente
2008,camara,204419,Suplente,Suplente
2008,camara,204513,Suplente,Suplente
2008,camara,204465,Suplente,Suplente
2008,camara,178873,Titular,Titular
2008,camara,204435,Titular,Titular
2008,camara,178910,Suplente,Suplente
2008,camara,204555,Suplente,Suplente
2008,camara,151208,Suplente,Suplente
2008,camara,196358,Titular,Titular
2008,camara,162332,Suplente,Suplente
2008,camara,204526,Suplente,Suplente
2008,camara,204475,NA,Titular
2008,camara,204489,Suplente,Suplente
2008,camara,204366,Suplente,Suplente
2008,camara,143084,Titular,Titular
2008,camara,74376,Titular,Titular
2008,camara,141555,Suplente,Suplente
2008,camara,178992,Suplente,Suplente
2008,camara,204559,Titular,Titular
2007,camara,204554,Titular,Titular
2007,camara,204414,Titular,Titular
2007,camara,207176,Titular,Titular
2007,camara,204561,Suplente,Suplente
2007,camara,204352,NA,Titular
2007,camara,204426,Titular,Titular
2007,camara,204451,Suplente,Suplente
2007,camara,178908,Titular,Titular
2007,camara,204364,Titular,Titular
2007,camara,160575,Titular,Titular
2007,camara,204411,Titular,Titular
2007,camara,204447,Suplente,Suplente
2007,camara,204393,Suplente,Suplente
2007,camara,204531,Suplente,Suplente
2007,camara,178873,Presidente,Titular
2007,camara,204533,Suplente,Suplente
2007,camara,67138,Titular,Titular
2007,camara,112437,Suplente,Suplente
2007,camara,204468,Suplente,Suplente
2007,camara,204472,Titular,Titular
2007,camara,204420,Titular,Titular
2007,camara,204372,Suplente,Suplente
2007,camara,160534,Titular,Titular
2007,camara,81055,Titular,Titular
2007,camara,204430,Suplente,Suplente
2007,camara,154178,Suplente,Suplente
2007,camara,160556,NA,Titular
2007,camara,74160,Suplente,Suplente
2007,camara,204529,Suplente,Suplente
2007,camara,160601,Suplente,Suplente
2007,camara,204480,Suplente,Suplente
2007,camara,178961,Suplente,Suplente
2007,camara,178947,Titular,Titular
2007,camara,157130,NA,Titular
2006,camara,121948,Titular,Titular
2006,camara,160508,Suplente,Suplente
2006,camara,178972,Titular,Titular
2006,camara,74057,Suplente,Suplente
2006,camara,134812,Suplente,Suplente
2006,camara,204552,Suplente,Suplente
2006,camara,178930,Suplente,Suplente
2006,camara,141434,Titular,Titular
2006,camara,204392,Titular,Titular
2006,camara,73460,Suplente,Suplente
2006,camara,204472,NA,Titular
2006,camara,204391,NA,Titular
2006,camara,160619,Suplente,Suplente
2006,camara,204555,Titular,Titular
2006,camara,209189,Titular,Titular
2006,camara,204547,Suplente,Suplente
2006,camara,204485,Suplente,Suplente
2006,camara,204418,Suplente,Suplente
2006,camara,178866,Suplente,Suplente
2006,camara,204458,Titular,Titular
2006,camara,204471,Suplente,Suplente
2006,camara,204558,Titular,Titular
2006,camara,204428,Suplente,Suplente
2006,camara,66179,Titular,Titular
2006,camara,160601,Presidente,Titular
2006,camara,178990,Suplente,Suplente
2006,camara,178934,Titular,Titular
2006,camara,204385,Suplente,Suplente
2006,camara,204463,Suplente,Suplente
2006,camara,178889,Suplente,Suplente
2009,camara,204528,Suplente,Suplente
2009,camara,204549,Titular,Titular
2009,camara,204501,Suplente,Suplente
2009,camara,74057,NA,Titular
2009,camara,178927,Titular,Titular
2009,camara,74090,Titular,Titular
2009,camara,74459,Titular,Titular
2009,camara,69871,Titular,Titular
2009,camara,204561,Titular,Titular
2009,camara,204397,Suplente,Suplente
2009,camara,204507,Suplente,Suplente
2009,camara,204460,Suplente,Suplente
2009,camara,204369,Suplente,Suplente
2009,camara,204462,Titular,Titular
2009,camara,204459,Suplente,Suplente
2009,camara,160528,Suplente,Suplente
2009,camara,160552,Suplente,Suplente
2009,camara,178929,Suplente,Suplente
2009,camara,204481,Suplente,Suplente
2009,camara,81297,Suplente,Suplente
2009,camara,178994,Suplente,Suplente
2009,camara,134812,Titular,Titular
2009,camara,74655,Suplente,Suplente
2009,camara,204371,Suplente,Suplente
2009,camara,74200,Titular,Titular
2009,camara,152605,Titular,Titular
2009,camara,204408,Suplente,Suplente
2009,camara,204465,Titular,Titular
2009,camara,204533,Titular,Titular
2009,camara,204508,Suplente,Suplente
2009,camara,73531,Suplente,Suplente
2009,camara,108338,Suplente,Suplente
2009,camara,178842,Titular,Titular
2009,camara,204429,Suplente,Suplente
2009,camara,141470,Suplente,Suplente
2009,camara,204555,Suplente,Suplente
2009,camara,204574,Suplente,Suplente
2009,camara,204359,Suplente,Suplente
2009,camara,139285,Titular,Titular
2009,camara,74585,Suplente,Suplente
2009,camara,204410,Titular,Titular
2009,camara,204418,Suplente,Suplente
2009,camara,204433,Suplente,Suplente
2009,camara,171619,Suplente,Suplente
2009,camara,74398,Suplente,Suplente
2009,camara,204540,Titular,Titular
2009,camara,178956,NA,Titular
2009,camara,204428,Suplente,Suplente
2009,camara,204566,Suplente,Suplente
2009,camara,178843,Suplente,Suplente
2009,camara,178997,Titular,Titular
2009,camara,204453,Titular,Titular
2009,camara,74352,Titular,Titular
2009,camara,204441,Titular,Titular
2009,camara,74160,Suplente,Suplente
2009,camara,204377,Titular,Titular
2009,camara,133968,Suplente,Suplente
2009,camara,178912,Presidente,Titular
2009,camara,160604,Titular,Titular
2009,camara,204390,Titular,Titular
2009,camara,204383,Titular,Titular
2009,camara,204565,Titular,Titular
2009,camara,160639,Titular,Titular
2009,camara,160641,Suplente,Suplente
2009,camara,204467,Titular,Titular
2009,camara,178951,Suplente,Suplente
2009,camara,141523,Titular,Titular
2009,camara,74161,Titular,Titular
2009,camara,205865,Titular,Titular
2009,camara,178925,Titular,Titular
2009,camara,178989,Titular,Titular
2009,camara,160653,Suplente,Suplente
2009,camara,204357,NA,Titular
2009,camara,204557,Suplente,Suplente
2009,camara,178947,Suplente,Suplente
2009,camara,204534,Titular,Titular
2009,camara,204519,Titular,Titular
2009,camara,157130,Suplente,Suplente
2009,camara,160569,Titular,Titular
2009,camara,160592,Titular,Titular
537236,camara,136811,NA,Titular
537236,camara,204495,Suplente,Suplente
537236,camara,178972,Suplente,Suplente
537236,camara,204516,Suplente,Suplente
537236,camara,178927,Suplente,Suplente
537236,camara,133439,Titular,Titular
537236,camara,204397,Suplente,Suplente
537236,camara,74052,Suplente,Suplente
537236,camara,204361,Suplente,Suplente
537236,camara,204380,Titular,Titular
537236,camara,178876,Titular,Titular
537236,camara,160552,NA,Titular
537236,camara,204511,Suplente,Suplente
537236,camara,143632,Titular,Titular
537236,camara,204351,Suplente,Suplente
537236,camara,204412,Suplente,Suplente
537236,camara,178930,Titular,Titular
537236,camara,68720,Suplente,Suplente
537236,camara,178969,Presidente,Titular
537236,camara,171623,NA,Titular
537236,camara,72442,Titular,Titular
537236,camara,92699,Titular,Titular
537236,camara,160598,Suplente,Suplente
537236,camara,204447,Suplente,Suplente
537236,camara,204456,Suplente,Suplente
537236,camara,178909,Titular,Titular
537236,camara,204444,Titular,Titular
537236,camara,141450,Suplente,Suplente
537236,camara,204436,Titular,Titular
537236,camara,74554,Titular,Titular
537236,camara,204372,Titular,Titular
537236,camara,204455,Titular,Titular
537236,camara,146788,Suplente,Suplente
537236,camara,204415,Suplente,Suplente
537236,camara,204390,Suplente,Suplente
537236,camara,204567,Titular,Titular
537236,camara,73801,Titular,Titular
537236,camara,152610,Titular,Titular
537236,camara,204505,Suplente,Suplente
538421,camara,160508,Suplente,Suplente
538421,camara,204545,Titular,Titular
538421,camara,204516,NA,Titular
538421,camara,160665,Titular,Titular
538421,camara,204551,Suplente,Suplente
538421,camara,204572,Titular,Titular
538421,camara,204569,Titular,Titular
538421,camara,204518,Titular,Titular
538421,camara,141417,Titular,Titular
538421,camara,204552,Suplente,Suplente
538421,camara,204389,Suplente,Suplente
538421,camara,198783,Titular,Titular
538421,camara,132504,NA,Titular
538421,camara,66828,Titular,Titular
538421,camara,204371,Titular,Titular
538421,camara,204419,Titular,Titular
538421,camara,141450,Suplente,Suplente
538421,camara,204533,Titular,Titular
538421,camara,204435,Suplente,Suplente
538421,camara,204555,Titular,Titular
538421,camara,74317,Titular,Titular
538421,camara,92102,NA,Titular
538421,camara,204381,Titular,Titular
538421,camara,133810,Suplente,Suplente
538421,camara,204556,Presidente,Titular
538421,camara,81055,Suplente,Suplente
538421,camara,204403,Titular,Titular
538421,camara,178987,NA,Titular
538421,camara,204441,Suplente,Suplente
538421,camara,204573,Titular,Titular
538421,camara,74161,Titular,Titular
538421,camara,204366,Suplente,Suplente
538421,camara,204557,Suplente,Suplente
538421,camara,178922,Titular,Titular
538421,camara,204466,Titular,Titular
538421,camara,204517,Titular,Titular
2011,camara,121948,Suplente,Suplente
2011,camara,178881,Titular,Titular
2011,camara,204515,Suplente,Suplente
2011,camara,74090,Suplente,Suplente
2011,camara,204507,Titular,Titular
2011,camara,204460,Titular,Titular
2011,camara,204459,Titular,Titular
2011,camara,204562,Suplente,Suplente
2011,camara,204552,Suplente,Suplente
2011,camara,204389,Suplente,Suplente
2011,camara,204427,Titular,Titular
2011,camara,160598,Suplente,Suplente
2011,camara,204491,Titular,Titular
2011,camara,204408,Titular,Titular
2011,camara,178884,Suplente,Suplente
2011,camara,160674,Titular,Titular
2011,camara,141458,Suplente,Suplente
2011,camara,178857,Suplente,Suplente
2011,camara,204391,Suplente,Suplente
2011,camara,204457,Titular,Titular
2011,camara,204502,Suplente,Suplente
2011,camara,204550,Suplente,Suplente
2011,camara,204547,Presidente,Titular
2011,camara,156190,Titular,Titular
2011,camara,81055,Suplente,Suplente
2011,camara,204452,NA,Titular
2011,camara,194260,Suplente,Suplente
2011,camara,160556,Suplente,Suplente
2011,camara,122158,Suplente,Suplente
2011,camara,73788,Titular,Titular
2011,camara,204360,Suplente,Suplente
2011,camara,204425,Suplente,Suplente
2011,camara,160591,Suplente,Suplente
2011,camara,74043,Titular,Titular
2011,camara,74044,Suplente,Suplente
2010,camara,74646,Suplente,Suplente
2010,camara,160508,Titular,Titular
2010,camara,204545,Titular,Titular
2010,camara,204516,Suplente,Suplente
2010,camara,178927,Suplente,Suplente
2010,camara,74212,Titular,Titular
2010,camara,160600,Suplente,Suplente
2010,camara,159237,Suplente,Suplente
2010,camara,204551,Suplente,Suplente
2010,camara,160589,Suplente,Suplente
2010,camara,141405,Suplente,Suplente
2010,camara,204496,Titular,Titular
2010,camara,204476,Suplente,Suplente
2010,camara,178928,Suplente,Suplente
2010,camara,204440,Suplente,Suplente
2010,camara,204454,Suplente,Suplente
2010,camara,73891,Suplente,Suplente
2010,camara,204542,Titular,Titular
2010,camara,204518,Suplente,Suplente
2010,camara,204562,Suplente,Suplente
2010,camara,178977,Suplente,Suplente
2010,camara,204389,Titular,Titular
2010,camara,132504,Titular,Titular
2010,camara,178871,Suplente,Suplente
2010,camara,178969,Suplente,Suplente
2010,camara,204477,Suplente,Suplente
2010,camara,204371,Titular,Titular
2010,camara,92699,Titular,Titular
2010,camara,191923,Titular,Titular
2010,camara,204494,Suplente,Suplente
2010,camara,74270,Suplente,Suplente
2010,camara,178996,NA,Titular
2010,camara,204419,Titular,Titular
2010,camara,107283,Titular,Titular
2010,camara,204513,Titular,Titular
2010,camara,204548,Titular,Titular
2010,camara,204539,Titular,Titular
2010,camara,178884,Titular,Titular
2010,camara,204533,Suplente,Suplente
2010,camara,160570,Suplente,Suplente
2010,camara,204546,Titular,Titular
2010,camara,209189,Suplente,Suplente
2010,camara,74317,NA,Titular
2010,camara,204502,Suplente,Suplente
2010,camara,204536,Suplente,Suplente
2010,camara,151208,Suplente,Suplente
2010,camara,98057,Suplente,Suplente
2010,camara,204375,Suplente,Suplente
2010,camara,204404,Titular,Titular
2010,camara,178879,Suplente,Suplente
2010,camara,204381,Titular,Titular
2010,camara,204526,Suplente,Suplente
2010,camara,179587,Titular,Titular
2010,camara,133810,Suplente,Suplente
2010,camara,204556,Suplente,Suplente
2010,camara,204452,Suplente,Suplente
2010,camara,204431,Titular,Titular
2010,camara,178858,Titular,Titular
2010,camara,204403,Suplente,Suplente
2010,camara,204566,Titular,Titular
2010,camara,204486,Titular,Titular
2010,camara,178997,Suplente,Suplente
2010,camara,178896,Suplente,Suplente
2010,camara,204363,Titular,Titular
2010,camara,204573,Titular,Titular
2010,camara,204377,Suplente,Suplente
2010,camara,178860,Suplente,Suplente
2010,camara,204461,Titular,Titular
2010,camara,141488,Suplente,Suplente
2010,camara,122158,Titular,Titular
2010,camara,204529,Suplente,Suplente
2010,camara,204366,Suplente,Suplente
2010,camara,73604,Titular,Titular
2010,camara,160635,Titular,Titular
2010,camara,90842,Suplente,Suplente
2010,camara,178933,Presidente,Titular
2010,camara,204557,Titular,Titular
2010,camara,74356,Suplente,Suplente
2010,camara,204478,NA,Titular
2010,camara,178952,Titular,Titular
2010,camara,74043,Suplente,Suplente
537871,camara,204503,Titular,Titular
537871,camara,160553,Titular,Titular
537871,camara,164360,NA,Titular
537871,camara,204490,Suplente,Suplente
537871,camara,204451,Titular,Titular
537871,camara,204542,NA,Titular
537871,camara,204518,Suplente,Suplente
537871,camara,178994,Titular,Titular
537871,camara,204421,Suplente,Suplente
537871,camara,74655,Titular,Titular
537871,camara,160640,Titular,Titular
537871,camara,160587,Suplente,Suplente
537871,camara,204477,Titular,Titular
537871,camara,204427,Suplente,Suplente
537871,camara,160598,Suplente,Suplente
537871,camara,204494,Titular,Titular
537871,camara,178966,Titular,Titular
537871,camara,74270,Titular,Titular
537871,camara,204513,Titular,Titular
537871,camara,204373,Suplente,Suplente
537871,camara,178832,Titular,Titular
537871,camara,139285,Presidente,Titular
537871,camara,196358,Suplente,Suplente
537871,camara,76874,Suplente,Suplente
537871,camara,75431,Titular,Titular
537871,camara,178985,Suplente,Suplente
537871,camara,66179,Titular,Titular
537871,camara,204422,Titular,Titular
537871,camara,178860,Suplente,Suplente
537871,camara,73486,Suplente,Suplente
537871,camara,74161,Titular,Titular
537871,camara,178925,Suplente,Suplente
537871,camara,204525,NA,Titular
537871,camara,74371,Suplente,Suplente
537871,camara,204466,Suplente,Suplente
537871,camara,204478,Titular,Titular
2017,camara,204495,Titular,Titular
2017,camara,204549,NA,Titular
2017,camara,178836,Titular,Titular
2017,camara,204353,Suplente,Suplente
2017,camara,74090,Presidente,Titular
2017,camara,204551,Suplente,Suplente
2017,camara,204572,Titular,Titular
2017,camara,204499,Suplente,Suplente
2017,camara,204370,Suplente,Suplente
2017,camara,205476,Titular,Titular
2017,camara,204378,Titular,Titular
2017,camara,135054,Suplente,Suplente
2017,camara,160528,Titular,Titular
2017,camara,204569,Titular,Titular
2017,camara,204434,Titular,Titular
2017,camara,134812,Titular,Titular
2017,camara,204500,Titular,Titular
2017,camara,74075,Titular,Titular
2017,camara,92699,Suplente,Suplente
2017,camara,204393,Suplente,Suplente
2017,camara,204465,Suplente,Suplente
2017,camara,74848,Suplente,Suplente
2017,camara,178839,Titular,Titular
2017,camara,204435,NA,Titular
2017,camara,178970,Suplente,Suplente
2017,camara,204555,Titular,Titular
2017,camara,204497,Suplente,Suplente
2017,camara,204556,Titular,Titular
2017,camara,204475,Suplente,Suplente
2017,camara,204492,Titular,Titular
2017,camara,204416,Suplente,Suplente
2017,camara,204557,NA,Titular
2017,camara,74356,Titular,Titular
2017,camara,204360,Suplente,Suplente
2017,camara,74044,Suplente,Suplente
5438,camara,204501,Suplente,Suplente
5438,camara,160553,Titular,Titular
5438,camara,93083,Titular,Titular
5438,camara,134812,Suplente,Suplente
5438,camara,160575,NA,Titular
5438,camara,204411,Suplente,Suplente
5438,camara,152605,Titular,Titular
5438,camara,209189,Suplente,Suplente
5438,camara,73586,Titular,Titular
5438,camara,74156,Presidente,Titular
5438,camara,74585,Titular,Titular
5438,camara,74784,Titular,Titular
5438,camara,178866,Suplente,Suplente
5438,camara,74398,Suplente,Suplente
5438,camara,178986,Titular,Titular
5438,camara,160556,Titular,Titular
5438,camara,74160,Suplente,Suplente
5438,camara,160604,Suplente,Suplente
5438,camara,73486,Titular,Titular
5438,camara,74161,Titular,Titular
5438,camara,204480,Titular,Titular
5438,camara,177282,Suplente,Suplente
5438,camara,141552,Suplente,Suplente
6174,camara,204495,Suplente,Suplente
6174,camara,74459,Suplente,Suplente
6174,camara,204358,Suplente,Suplente
6174,camara,207176,Titular,Titular
6174,camara,204352,NA,Titular
6174,camara,178962,NA,Titular
6174,camara,204488,Titular,Titular
6174,camara,141405,Suplente,Suplente
6174,camara,141439,Suplente,Suplente
6174,camara,178916,Titular,Titular
6174,camara,204434,Titular,Titular
6174,camara,198783,Suplente,Suplente
6174,camara,204407,Suplente,Suplente
6174,camara,204494,Titular,Titular
6174,camara,204393,Suplente,Suplente
6174,camara,160673,Suplente,Suplente
6174,camara,204468,Suplente,Suplente
6174,camara,204386,Titular,Titular
6174,camara,204391,Suplente,Suplente
6174,camara,74299,Titular,Titular
6174,camara,204415,Suplente,Suplente
6174,camara,146307,Suplente,Suplente
6174,camara,178986,Titular,Titular
6174,camara,204422,Suplente,Suplente
6174,camara,204538,Titular,Titular
6174,camara,204395,Suplente,Suplente
6174,camara,204524,Suplente,Suplente
6174,camara,204446,Titular,Titular
6174,camara,205865,Suplente,Suplente
6174,camara,160655,Titular,Titular
6174,camara,204530,Presidente,Titular
6174,camara,92776,Titular,Titular
6174,camara,204505,Titular,Titular
6174,camara,160632,Suplente,Suplente
6174,camara,204517,Titular,Titular
2012,camara,204379,Suplente,Suplente
2012,camara,204560,Titular,Titular
2012,camara,204495,Titular,Titular
2012,camara,204353,Titular,Titular
2012,camara,178937,Titular,Titular
2012,camara,73433,Titular,Titular
2012,camara,141391,Titular,Titular
2012,camara,160600,Suplente,Suplente
2012,camara,109429,NA,Titular
2012,camara,178948,Suplente,Suplente
2012,camara,141513,Suplente,Suplente
2012,camara,204361,Suplente,Suplente
2012,camara,178993,Titular,Titular
2012,camara,141398,Suplente,Suplente
2012,camara,204499,NA,Titular
2012,camara,204496,Suplente,Suplente
2012,camara,205476,Titular,Titular
2012,camara,204440,Titular,Titular
2012,camara,141408,Suplente,Suplente
2012,camara,204376,Titular,Titular
2012,camara,204378,Titular,Titular
2012,camara,204355,Suplente,Suplente
2012,camara,204367,Suplente,Suplente
2012,camara,204454,Titular,Titular
2012,camara,160552,Titular,Titular
2012,camara,178908,Suplente,Suplente
2012,camara,204512,Suplente,Suplente
2012,camara,204569,Suplente,Suplente
2012,camara,204518,Suplente,Suplente
2012,camara,141417,NA,Titular
2012,camara,204421,Titular,Titular
2012,camara,204541,Suplente,Suplente
2012,camara,74075,Titular,Titular
2012,camara,204389,Suplente,Suplente
2012,camara,160640,Suplente,Suplente
2012,camara,178930,Suplente,Suplente
2012,camara,141427,Titular,Titular
2012,camara,66828,Suplente,Suplente
2012,camara,204477,Titular,Titular
2012,camara,141431,Titular,Titular
2012,camara,204392,Suplente,Suplente
2012,camara,204510,Suplente,Suplente
2012,camara,115746,Suplente,Suplente
2012,camara,198197,Titular,Titular
2012,camara,204539,Suplente,Suplente
2012,camara,73772,Titular,Titular
2012,camara,204508,Titular,Titular
2012,camara,160531,Titular,Titular
2012,camara,141458,Titular,Titular
2012,camara,141459,Suplente,Suplente
2012,camara,204576,Suplente,Suplente
2012,camara,178910,Titular,Titular
2012,camara,204468,Suplente,Suplente
2012,camara,204391,Suplente,Suplente
2012,camara,204497,Titular,Titular
2012,camara,151208,Titular,Titular
2012,camara,204359,Suplente,Suplente
2012,camara,74299,Suplente,Suplente
2012,camara,92102,Titular,Titular
2012,camara,204523,Suplente,Suplente
2012,camara,204404,Suplente,Suplente
2012,camara,178954,Suplente,Suplente
2012,camara,178858,Suplente,Suplente
2012,camara,204403,Suplente,Suplente
2012,camara,188097,Titular,Titular
2012,camara,204415,Titular,Titular
2012,camara,204479,Suplente,Suplente
2012,camara,178987,Titular,Titular
2012,camara,204475,Suplente,Suplente
2012,camara,160556,Titular,Titular
2012,camara,178951,Titular,Titular
2012,camara,160655,Titular,Titular
2012,camara,141531,Titular,Titular
2012,camara,178861,Suplente,Suplente
2012,camara,74371,Titular,Titular
2012,camara,178990,Suplente,Suplente
2012,camara,204399,Suplente,Suplente
2012,camara,178921,Titular,Titular
2012,camara,178933,Suplente,Suplente
2012,camara,204438,Suplente,Suplente
2012,camara,178874,Suplente,Suplente
2012,camara,74356,Presidente,Titular
2012,camara,195866,Titular,Titular
2012,camara,74376,Suplente,Suplente
2012,camara,204483,Suplente,Suplente
2012,camara,74043,Suplente,Suplente
2012,camara,204463,Suplente,Suplente
537870,camara,74057,NA,Titular
537870,camara,204353,Titular,Titular
537870,camara,73701,Suplente,Suplente
537870,camara,207176,Suplente,Suplente
537870,camara,178993,Suplente,Suplente
537870,camara,164360,Suplente,Suplente
537870,camara,204369,Suplente,Suplente
537870,camara,204380,Suplente,Suplente
537870,camara,204462,Suplente,Suplente
537870,camara,204459,Titular,Titular
537870,camara,204451,Suplente,Suplente
537870,camara,178929,Titular,Titular
537870,camara,204421,Suplente,Suplente
537870,camara,74075,Titular,Titular
537870,camara,198783,NA,Titular
537870,camara,160575,Suplente,Suplente
537870,camara,204407,Suplente,Suplente
537870,camara,204354,Titular,Titular
537870,camara,160598,Titular,Titular
537870,camara,204447,Titular,Titular
537870,camara,107283,Titular,Titular
537870,camara,108338,Suplente,Suplente
537870,camara,160534,Titular,Titular
537870,camara,204410,Presidente,Titular
537870,camara,178866,Titular,Titular
537870,camara,204458,Titular,Titular
537870,camara,204430,Suplente,Suplente
537870,camara,204428,Suplente,Suplente
537870,camara,204566,Titular,Titular
537870,camara,66179,Titular,Titular
537870,camara,160642,Suplente,Suplente
537870,camara,204377,Suplente,Suplente
537870,camara,204565,Titular,Titular
537870,camara,178989,Suplente,Suplente
537870,camara,204525,Titular,Titular
537870,camara,204357,Titular,Titular
537870,camara,204535,Titular,Titular
537870,camara,204360,Suplente,Suplente
537870,camara,204534,Titular,Titular
537870,camara,204466,Suplente,Suplente
537870,camara,74283,Titular,Titular
537870,camara,204483,Suplente,Suplente
537480,camara,204503,Titular,Titular
537480,camara,178833,Suplente,Suplente
537480,camara,204400,Titular,Titular
537480,camara,204507,Suplente,Suplente
537480,camara,178962,Suplente,Suplente
537480,camara,164360,Suplente,Suplente
537480,camara,204451,Suplente,Suplente
537480,camara,178929,NA,Titular
537480,camara,204450,Titular,Titular
537480,camara,204412,Suplente,Suplente
537480,camara,81297,Titular,Titular
537480,camara,74655,Titular,Titular
537480,camara,160575,Suplente,Suplente
537480,camara,160587,Suplente,Suplente
537480,camara,204447,Titular,Titular
537480,camara,204494,Titular,Titular
537480,camara,178966,Titular,Titular
537480,camara,74270,Presidente,Titular
537480,camara,204419,NA,Titular
537480,camara,204429,Suplente,Suplente
537480,camara,146788,Suplente,Suplente
537480,camara,204433,Suplente,Suplente
537480,camara,204540,NA,Titular
537480,camara,204432,Titular,Titular
537480,camara,75431,Titular,Titular
537480,camara,160558,Titular,Titular
537480,camara,90201,Suplente,Suplente
537480,camara,178925,Titular,Titular
537480,camara,204362,Titular,Titular
537480,camara,74371,Suplente,Suplente
537480,camara,177282,Suplente,Suplente
537480,camara,206231,Titular,Titular
537480,camara,204466,Suplente,Suplente
537480,camara,204478,Suplente,Suplente
2018,camara,74646,Titular,Titular
2018,camara,178836,Titular,Titular
2018,camara,204503,Suplente,Suplente
2018,camara,178881,Titular,Titular
2018,camara,204423,Titular,Titular
2018,camara,73433,Titular,Titular
2018,camara,204414,Titular,Titular
2018,camara,160600,Suplente,Suplente
2018,camara,74090,Suplente,Suplente
2018,camara,160665,Titular,Titular
2018,camara,73701,Suplente,Suplente
2018,camara,160589,Titular,Titular
2018,camara,204352,Suplente,Suplente
2018,camara,141398,Titular,Titular
2018,camara,73441,Titular,Titular
2018,camara,204504,Suplente,Suplente
2018,camara,74537,Titular,Titular
2018,camara,204376,Suplente,Suplente
2018,camara,204378,Suplente,Suplente
2018,camara,205548,Titular,Titular
2018,camara,204511,Suplente,Suplente
2018,camara,204450,Suplente,Suplente
2018,camara,141417,Suplente,Suplente
2018,camara,74655,Titular,Titular
2018,camara,92346,Presidente,Titular
2018,camara,178977,Suplente,Suplente
2018,camara,141421,Titular,Titular
2018,camara,204482,Suplente,Suplente
2018,camara,68720,Suplente,Suplente
2018,camara,141427,Titular,Titular
2018,camara,141431,Suplente,Suplente
2018,camara,191923,Suplente,Suplente
2018,camara,204473,Suplente,Suplente
2018,camara,204484,Suplente,Suplente
2018,camara,74383,Titular,Titular
2018,camara,178996,Suplente,Suplente
2018,camara,152605,Suplente,Suplente
2018,camara,160667,Titular,Titular
2018,camara,204465,Titular,Titular
2018,camara,204548,Titular,Titular
2018,camara,204444,Titular,Titular
2018,camara,73482,Titular,Titular
2018,camara,178884,Titular,Titular
2018,camara,141450,Suplente,Suplente
2018,camara,74273,Titular,Titular
2018,camara,74554,NA,Titular
2018,camara,204359,Titular,Titular
2018,camara,92102,Titular,Titular
2018,camara,204382,Suplente,Suplente
2018,camara,178931,Suplente,Suplente
2018,camara,204526,NA,Titular
2018,camara,156190,NA,Titular
2018,camara,150418,Titular,Titular
2018,camara,74352,Titular,Titular
2018,camara,74159,Titular,Titular
2018,camara,160642,Titular,Titular
2018,camara,171617,Titular,Titular
2018,camara,141516,Suplente,Suplente
2018,camara,133968,Titular,Titular
2018,camara,90201,Suplente,Suplente
2018,camara,122974,Titular,Titular
2018,camara,73943,Titular,Titular
2018,camara,160601,Suplente,Suplente
2018,camara,160641,Suplente,Suplente
2018,camara,141523,Suplente,Suplente
2018,camara,160655,Suplente,Suplente
2018,camara,178920,Suplente,Suplente
2018,camara,178945,Suplente,Suplente
2018,camara,73466,Suplente,Suplente
2018,camara,178961,Suplente,Suplente
2018,camara,178922,Titular,Titular
2018,camara,160610,Suplente,Suplente
2018,camara,141553,Suplente,Suplente
2018,camara,141555,Suplente,Suplente
2018,camara,178889,Suplente,Suplente
2018,camara,160592,Suplente,Suplente
5503,camara,204560,Suplente,Suplente
5503,camara,204495,Suplente,Suplente
5503,camara,160545,Titular,Titular
5503,camara,178881,Titular,Titular
5503,camara,204509,Suplente,Suplente
5503,camara,204520,Titular,Titular
5503,camara,204572,Titular,Titular
5503,camara,178829,Presidente,Titular
5503,camara,204487,Titular,Titular
5503,camara,178876,Suplente,Suplente
5503,camara,204514,Suplente,Suplente
5503,camara,204355,Titular,Titular
5503,camara,204454,Titular,Titular
5503,camara,204451,Titular,Titular
5503,camara,178908,Titular,Titular
5503,camara,204512,Suplente,Suplente
5503,camara,204569,Titular,Titular
5503,camara,204518,Suplente,Suplente
5503,camara,204481,Suplente,Suplente
5503,camara,204439,Titular,Titular
5503,camara,204421,Suplente,Suplente
5503,camara,141421,Titular,Titular
5503,camara,68720,Titular,Titular
5503,camara,178969,Suplente,Suplente
5503,camara,160587,Suplente,Suplente
5503,camara,204427,NA,Titular
5503,camara,204473,Titular,Titular
5503,camara,74419,Titular,Titular
5503,camara,204531,NA,Titular
5503,camara,160667,Titular,Titular
5503,camara,204442,Suplente,Suplente
5503,camara,204456,Suplente,Suplente
5503,camara,204373,Titular,Titular
5503,camara,141450,Suplente,Suplente
5503,camara,204508,Suplente,Suplente
5503,camara,74366,Suplente,Suplente
5503,camara,204420,Titular,Titular
5503,camara,74585,Titular,Titular
5503,camara,204381,Suplente,Suplente
5503,camara,204543,Suplente,Suplente
5503,camara,166402,Titular,Titular
5503,camara,204458,Titular,Titular
5503,camara,204471,Titular,Titular
5503,camara,76874,Titular,Titular
5503,camara,133810,Suplente,Suplente
5503,camara,204431,Titular,Titular
5503,camara,204430,Suplente,Suplente
5503,camara,74571,Titular,Titular
5503,camara,204479,Suplente,Suplente
5503,camara,194260,Suplente,Suplente
5503,camara,160642,Titular,Titular
5503,camara,193726,Suplente,Suplente
5503,camara,160558,Suplente,Suplente
5503,camara,204461,Titular,Titular
5503,camara,133968,Suplente,Suplente
5503,camara,141488,Titular,Titular
5503,camara,204395,Suplente,Suplente
5503,camara,73943,Titular,Titular
5503,camara,204529,Titular,Titular
5503,camara,204565,Suplente,Suplente
5503,camara,74161,Suplente,Suplente
5503,camara,160651,Suplente,Suplente
5503,camara,73604,Titular,Titular
5503,camara,204416,Titular,Titular
5503,camara,90842,Titular,Titular
5503,camara,204387,Titular,Titular
5503,camara,177282,Titular,Titular
5503,camara,206231,Suplente,Suplente
5503,camara,143084,Suplente,Suplente
5503,camara,195866,Suplente,Suplente
5503,camara,141555,Suplente,Suplente
5503,camara,204532,Suplente,Suplente
5503,camara,160518,Suplente,Suplente
5503,camara,204559,Suplente,Suplente
2014,camara,204528,Titular,Titular
2014,camara,136811,Suplente,Suplente
2014,camara,178836,Suplente,Suplente
2014,camara,204413,Suplente,Suplente
2014,camara,204571,Suplente,Suplente
2014,camara,204503,Titular,Titular
2014,camara,178833,NA,Titular
2014,camara,74057,Suplente,Suplente
2014,camara,204515,Titular,Titular
2014,camara,160553,Presidente,Titular
2014,camara,73433,Suplente,Suplente
2014,camara,159237,Titular,Titular
2014,camara,73701,Titular,Titular
2014,camara,204397,Titular,Titular
2014,camara,164360,Titular,Titular
2014,camara,204380,Titular,Titular
2014,camara,178876,Titular,Titular
2014,camara,141439,Suplente,Suplente
2014,camara,204462,Suplente,Suplente
2014,camara,204409,Suplente,Suplente
2014,camara,204459,Suplente,Suplente
2014,camara,73891,Titular,Titular
2014,camara,204542,Suplente,Suplente
2014,camara,178929,Suplente,Suplente
2014,camara,204518,Titular,Titular
2014,camara,204481,Titular,Titular
2014,camara,204439,Suplente,Suplente
2014,camara,204450,Titular,Titular
2014,camara,204351,Titular,Titular
2014,camara,204412,Titular,Titular
2014,camara,81297,Titular,Titular
2014,camara,178994,Titular,Titular
2014,camara,74655,Titular,Titular
2014,camara,204552,Titular,Titular
2014,camara,204500,Titular,Titular
2014,camara,207309,Titular,Titular
2014,camara,160575,Suplente,Suplente
2014,camara,204407,Titular,Titular
2014,camara,204354,Suplente,Suplente
2014,camara,160598,Suplente,Suplente
2014,camara,141434,Suplente,Suplente
2014,camara,204447,Titular,Titular
2014,camara,178966,Titular,Titular
2014,camara,204575,Suplente,Suplente
2014,camara,178964,Suplente,Suplente
2014,camara,73482,Suplente,Suplente
2014,camara,178959,Suplente,Suplente
2014,camara,67138,Suplente,Suplente
2014,camara,74848,Titular,Titular
2014,camara,178839,Suplente,Suplente
2014,camara,74366,Suplente,Suplente
2014,camara,204576,Suplente,Suplente
2014,camara,178857,Titular,Titular
2014,camara,204497,Suplente,Suplente
2014,camara,178886,Titular,Titular
2014,camara,160534,Suplente,Suplente
2014,camara,178832,Titular,Titular
2014,camara,204547,Suplente,Suplente
2014,camara,204405,Titular,Titular
2014,camara,178931,Titular,Titular
2014,camara,204448,Suplente,Suplente
2014,camara,204455,Suplente,Suplente
2014,camara,178983,Suplente,Suplente
2014,camara,204522,Titular,Titular
2014,camara,178956,Suplente,Suplente
2014,camara,204428,Titular,Titular
2014,camara,204432,Titular,Titular
2014,camara,178843,NA,Titular
2014,camara,141508,Suplente,Suplente
2014,camara,178985,Titular,Titular
2014,camara,154178,Titular,Titular
2014,camara,178895,NA,Titular
2014,camara,204498,Titular,Titular
2014,camara,204422,Titular,Titular
2014,camara,204441,Suplente,Suplente
2014,camara,204573,Suplente,Suplente
2014,camara,204570,Suplente,Suplente
2014,camara,204553,Titular,Titular
2014,camara,204377,Suplente,Suplente
2014,camara,204406,Titular,Titular
2014,camara,204524,Titular,Titular
2014,camara,204529,Suplente,Suplente
2014,camara,73486,Titular,Titular
2014,camara,160601,Suplente,Suplente
2014,camara,204390,Suplente,Suplente
2014,camara,204565,Suplente,Suplente
2014,camara,160639,Suplente,Suplente
2014,camara,178925,Suplente,Suplente
2014,camara,178989,Suplente,Suplente
2014,camara,73788,Suplente,Suplente
2014,camara,160653,Titular,Titular
2014,camara,204366,Titular,Titular
2014,camara,178945,Titular,Titular
2014,camara,204357,Suplente,Suplente
2014,camara,90842,Suplente,Suplente
2014,camara,178874,Titular,Titular
2014,camara,204360,Titular,Titular
2014,camara,178947,Suplente,Suplente
2014,camara,204464,Suplente,Suplente
2014,camara,204466,Titular,Titular
2014,camara,204519,Suplente,Suplente
2014,camara,204517,Suplente,Suplente
2015,camara,121948,Suplente,Suplente
2015,camara,74057,Suplente,Suplente
2015,camara,133439,Suplente,Suplente
2015,camara,74459,Suplente,Suplente
2015,camara,160665,Suplente,Suplente
2015,camara,160538,Titular,Titular
2015,camara,178829,Suplente,Suplente
2015,camara,204426,Suplente,Suplente
2015,camara,74060,Titular,Titular
2015,camara,204518,Suplente,Suplente
2015,camara,160575,Titular,Titular
2015,camara,178871,Suplente,Suplente
2015,camara,178969,Titular,Titular
2015,camara,160598,NA,Titular
2015,camara,204548,Suplente,Suplente
2015,camara,178964,Suplente,Suplente
2015,camara,204436,Suplente,Suplente
2015,camara,204536,Titular,Titular
2015,camara,204359,Suplente,Suplente
2015,camara,74156,Suplente,Suplente
2015,camara,204523,Suplente,Suplente
2015,camara,178879,Titular,Titular
2015,camara,204485,Titular,Titular
2015,camara,204526,Titular,Titular
2015,camara,205863,Suplente,Suplente
2015,camara,75431,NA,Titular
2015,camara,141508,Titular,Titular
2015,camara,74571,Suplente,Suplente
2015,camara,178986,Titular,Titular
2015,camara,178987,Suplente,Suplente
2015,camara,141518,Titular,Titular
2015,camara,133968,Titular,Titular
2015,camara,122974,Suplente,Suplente
2015,camara,160641,Presidente,Titular
2015,camara,74305,Suplente,Suplente
2015,camara,204480,Titular,Titular
2015,camara,204416,Suplente,Suplente
2015,camara,178921,Suplente,Suplente
2015,camara,204425,Titular,Titular
2015,camara,204519,Suplente,Suplente
2015,camara,157130,Titular,Titular
2015,camara,74283,Titular,Titular
2015,camara,74439,NA,Titular
6066,camara,204549,Suplente,Suplente
6066,camara,204544,Suplente,Suplente
6066,camara,204356,Titular,Titular
6066,camara,178831,Titular,Titular
6066,camara,204388,Titular,Titular
6066,camara,178928,Suplente,Suplente
6066,camara,74467,Titular,Titular
6066,camara,160588,Suplente,Suplente
6066,camara,204450,Suplente,Suplente
6066,camara,204541,Titular,Titular
6066,camara,178871,Suplente,Suplente
6066,camara,68720,Titular,Titular
6066,camara,171623,Suplente,Suplente
6066,camara,72442,Titular,Titular
6066,camara,191923,Suplente,Suplente
6066,camara,178981,NA,Titular
6066,camara,204564,Suplente,Suplente
6066,camara,112437,NA,Titular
6066,camara,141464,Titular,Titular
6066,camara,160619,Titular,Titular
6066,camara,151208,Titular,Titular
6066,camara,92102,NA,Titular
6066,camara,139285,Suplente,Suplente
6066,camara,196358,Suplente,Suplente
6066,camara,166402,Titular,Titular
6066,camara,178843,Suplente,Suplente
6066,camara,178896,Presidente,Titular
6066,camara,194260,Suplente,Suplente
6066,camara,178860,Suplente,Suplente
6066,camara,204492,Titular,Titular
6066,camara,90201,Titular,Titular
6066,camara,204565,Suplente,Suplente
6066,camara,204567,Titular,Titular
6066,camara,204362,Suplente,Suplente
6066,camara,204489,Suplente,Suplente
6066,camara,195866,Titular,Titular
6066,camara,74376,Suplente,Suplente
6066,camara,204396,Titular,Titular
6066,camara,178952,Suplente,Suplente
2016,camara,204521,Titular,Titular
2016,camara,136811,Suplente,Suplente
2016,camara,204413,Titular,Titular
2016,camara,160545,Titular,Titular
2016,camara,178833,Suplente,Suplente
2016,camara,178927,Suplente,Suplente
2016,camara,178937,Suplente,Suplente
2016,camara,204356,Suplente,Suplente
2016,camara,204358,Suplente,Suplente
2016,camara,74052,Suplente,Suplente
2016,camara,204352,Titular,Titular
2016,camara,204507,Suplente,Suplente
2016,camara,178962,Titular,Titular
2016,camara,204504,Suplente,Suplente
2016,camara,178928,Titular,Titular
2016,camara,178939,Suplente,Suplente
2016,camara,204376,Suplente,Suplente
2016,camara,204378,Suplente,Suplente
2016,camara,204355,Suplente,Suplente
2016,camara,204511,Suplente,Suplente
2016,camara,160588,Titular,Titular
2016,camara,160758,Suplente,Suplente
2016,camara,141422,Suplente,Suplente
2016,camara,160532,Presidente,Titular
2016,camara,178871,Suplente,Suplente
2016,camara,204368,Titular,Titular
2016,camara,72442,Suplente,Suplente
2016,camara,115746,Titular,Titular
2016,camara,204527,Suplente,Suplente
2016,camara,74419,Titular,Titular
2016,camara,204456,Titular,Titular
2016,camara,204373,Suplente,Suplente
2016,camara,204539,Suplente,Suplente
2016,camara,141450,Titular,Titular
2016,camara,160674,Suplente,Suplente
2016,camara,108338,NA,Titular
2016,camara,112437,Titular,Titular
2016,camara,141464,Suplente,Suplente
2016,camara,204391,Suplente,Suplente
2016,camara,204474,Suplente,Suplente
2016,camara,204457,Suplente,Suplente
2016,camara,204502,Titular,Titular
2016,camara,204550,Suplente,Suplente
2016,camara,178886,Suplente,Suplente
2016,camara,204375,Titular,Titular
2016,camara,74299,Titular,Titular
2016,camara,204523,Titular,Titular
2016,camara,204448,Titular,Titular
2016,camara,204469,Titular,Titular
2016,camara,178983,Titular,Titular
2016,camara,204522,Suplente,Suplente
2016,camara,74749,NA,Titular
2016,camara,188097,Suplente,Suplente
2016,camara,178985,Suplente,Suplente
2016,camara,204449,Suplente,Suplente
2016,camara,204479,Suplente,Suplente
2016,camara,194260,Suplente,Suplente
2016,camara,160642,Suplente,Suplente
2016,camara,178860,Suplente,Suplente
2016,camara,204492,Titular,Titular
2016,camara,204446,Titular,Titular
2016,camara,204366,Suplente,Suplente
2016,camara,178861,Titular,Titular
2016,camara,204525,Titular,Titular
2016,camara,204416,Titular,Titular
2016,camara,90842,Titular,Titular
2016,camara,178874,Suplente,Suplente
2016,camara,204437,Titular,Titular
2016,camara,197438,Suplente,Suplente
2016,camara,204385,Titular,Titular
2016,camara,141553,Titular,Titular
2016,camara,204396,Suplente,Suplente
2016,camara,137070,Titular,Titular
2016,camara,160591,Titular,Titular
2016,camara,204463,Titular,Titular
2016,camara,204559,Suplente,Suplente
2009,camara,204528,Suplente,Suplente
2009,camara,204549,Titular,Titular
2009,camara,204501,Suplente,Suplente
2009,camara,74057,NA,Titular
2009,camara,178927,Titular,Titular
2009,camara,74090,Titular,Titular
2009,camara,74459,Titular,Titular
2009,camara,69871,Titular,Titular
2009,camara,204561,Titular,Titular
2009,camara,204397,Suplente,Suplente
2009,camara,204507,Suplente,Suplente
2009,camara,204460,Suplente,Suplente
2009,camara,204369,Suplente,Suplente
2009,camara,204462,Titular,Titular
2009,camara,204459,Suplente,Suplente
2009,camara,160528,Suplente,Suplente
2009,camara,160552,Suplente,Suplente
2009,camara,178929,Suplente,Suplente
2009,camara,204481,Suplente,Suplente
2009,camara,81297,Suplente,Suplente
2009,camara,178994,Suplente,Suplente
2009,camara,134812,Titular,Titular
2009,camara,74655,Suplente,Suplente
2009,camara,204371,Suplente,Suplente
2009,camara,74200,Titular,Titular
2009,camara,152605,Titular,Titular
2009,camara,204408,Suplente,Suplente
2009,camara,204465,Titular,Titular
2009,camara,204533,Titular,Titular
2009,camara,204508,Suplente,Suplente
2009,camara,73531,Suplente,Suplente
2009,camara,108338,Suplente,Suplente
2009,camara,178842,Titular,Titular
2009,camara,204429,Suplente,Suplente
2009,camara,141470,Suplente,Suplente
2009,camara,204555,Suplente,Suplente
2009,camara,204574,Suplente,Suplente
2009,camara,204359,Suplente,Suplente
2009,camara,139285,Titular,Titular
2009,camara,74585,Suplente,Suplente
2009,camara,204410,Titular,Titular
2009,camara,204418,Suplente,Suplente
2009,camara,204433,Suplente,Suplente
2009,camara,171619,Suplente,Suplente
2009,camara,74398,Suplente,Suplente
2009,camara,204540,Titular,Titular
2009,camara,178956,NA,Titular
2009,camara,204428,Suplente,Suplente
2009,camara,204566,Suplente,Suplente
2009,camara,178843,Suplente,Suplente
2009,camara,178997,Titular,Titular
2009,camara,204453,Titular,Titular
2009,camara,74352,Titular,Titular
2009,camara,204441,Titular,Titular
2009,camara,74160,Suplente,Suplente
2009,camara,204377,Titular,Titular
2009,camara,133968,Suplente,Suplente
2009,camara,178912,Presidente,Titular
2009,camara,160604,Titular,Titular
2009,camara,204390,Titular,Titular
2009,camara,204383,Titular,Titular
2009,camara,204565,Titular,Titular
2009,camara,160639,Titular,Titular
2009,camara,160641,Suplente,Suplente
2009,camara,204467,Titular,Titular
2009,camara,178951,Suplente,Suplente
2009,camara,141523,Titular,Titular
2009,camara,74161,Titular,Titular
2009,camara,205865,Titular,Titular
2009,camara,178925,Titular,Titular
2009,camara,178989,Titular,Titular
2009,camara,160653,Suplente,Suplente
2009,camara,204357,NA,Titular
2009,camara,204557,Suplente,Suplente
2009,camara,178947,Suplente,Suplente
2009,camara,204534,Titular,Titular
2009,camara,204519,Titular,Titular
2009,camara,157130,Suplente,Suplente
2009,camara,160569,Titular,Titular
2009,camara,160592,Titular,Titular
