id,casa,cpf,nome_civil,nome_eleitoral,genero,uf,sg_partido,situacao,condicao_eleitoral,ultima_legislatura,em_exercicio
5154,senado,NA,Abiancy Cadoso Rosa,Abiancy Cadoso Rosa,M,PA,CIDADANIA,NA,2º Suplente,55,0
5170,senado,NA,Agimiro Dias da Costa,Agimiro Dias da Costa,M,TO,PSDB,NA,2º Suplente,55,0
5140,senado,NA,Airton Sandoval Santana,Airton Sandoval,M,SP,MDB,NA,1º Suplente,55,0
846,senado,NA,Aloysio Nunes Ferreira Filho,Aloysio Nunes Ferreira,M,SP,PSDB,NA,Titular,55,0
5042,senado,NA,Alzira Ferreira Barros,Alzira Ferreira Barros,M,AM,PCdoB,NA,2º Suplente,55,0
4988,senado,NA,Ana Amélia de Lemos,Ana Amélia,F,RS,PP,NA,Titular,55,0
5046,senado,NA,Andrelina Barbosa da Cunha,Andrelina Barbosa da Cunha,M,AP,PSOL,NA,2º Suplente,55,0
5150,senado,NA,Antonio Carlos Rodrigues,Antonio Carlos Rodrigues,M,SP,PL,NA,1º Suplente,55,0
3,senado,NA,Antonio Carlos Valadares,Antonio Carlos Valadares,M,SE,PSB,NA,Titular,55,0
5134,senado,NA,Antônio Marcos Gavazzoni,Antônio Marcos Gavazzoni,M,SC,DEM,NA,2º Suplente,55,0
5032,senado,NA,Antônio Milton Pessoa Falcão Filho,Antônio Milton Pessoa Falcão Filho,M,AL,PP,NA,2º Suplente,55,0
5168,senado,NA,Aristavora de Souza Santos,Aristavora de Souza Santos,M,PB,PTB,NA,2º Suplente,55,0
5028,senado,NA,Armando José de Oliveira,Armando José de Oliveira,M,AC,PSC,NA,2º Suplente,55,0
715,senado,NA,Armando de Queiroz Monteiro Neto,Armando Monteiro,M,PE,PTB,NA,Titular,55,0
5164,senado,NA,Ataídes de Oliveira,Ataídes Oliveira,M,TO,PSDB,NA,1º Suplente,55,0
5138,senado,NA,Athos de Almeida Lopes,Athos de Almeida Lopes,M,SC,MDB,NA,2º Suplente,55,0
391,senado,NA,Aécio Neves da Cunha,Aécio Neves,M,MG,PSDB,NA,Titular,55,0
3823,senado,NA,Benedito de Lira,Benedito de Lira,M,AL,PP,NA,Titular,55,0
111,senado,NA,Blairo Borges Maggi,Blairo Maggi,M,MT,PL,NA,Titular,55,0
5136,senado,NA,Cesar Antonio de Souza,Cesar Antonio de Souza,M,SC,DEM,NA,1º Suplente,55,0
5108,senado,NA,José Aparecido dos Santos,Cidinho Santos,M,MT,PL,NA,1º Suplente,55,0
3881,senado,NA,Clovis Antônio Chaves Fecury,Clovis Fecury,M,MA,DEM,NA,1º Suplente,55,0
5044,senado,NA,Clécio Luis Vilhena Vieira,Clécio Luis Vilhena Vieira,M,AP,PSOL,NA,1º Suplente,55,0
3398,senado,NA,Cristovam Ricardo Cavalcanti Buarque,Cristovam Buarque,M,DF,CIDADANIA,NA,Titular,55,0
1757,senado,NA,Ivandro Moura Cunha Lima,Cunha Lima,M,PB,NA,NA,2º Suplente,55,0
5197,senado,NA,Cássio Rodrigues da Cunha Lima,Cássio Cunha Lima,M,PB,PSDB,NA,Titular,55,0
5132,senado,NA,Dalírio José Beber,Dalirio Beber,M,SC,PSDB,NA,1º Suplente,55,0
5199,senado,NA,José Gonzaga Sobrinho,Deca,M,PB,PSDB,NA,1º Suplente,55,0
3360,senado,NA,Delcídio do Amaral Gomez,Delcídio do Amaral,M,MS,S/Partido,NA,Titular,55,0
3399,senado,NA,Demóstenes Lazaro Xavier Torres,Demóstenes Torres,M,GO,S/Partido,NA,Titular,55,0
5178,senado,NA,Douglas Mauricio Ramos Cintra,Douglas Cintra,M,PE,PTB,NA,1º Suplente,55,0
16,senado,NA,Edison Lobão,Edison Lobão,M,MA,MDB,NA,Titular,55,0
5160,senado,NA,Edivaldo Edilson Pantoja da Silva,Edivaldo Edilson Pantoja da Silva,M,PA,PSOL,NA,1º Suplente,55,0
4721,senado,NA,Eduardo Alves do Amorim,Eduardo Amorim,M,SE,PSDB,NA,Titular,55,0
4767,senado,NA,Eduardo Benedito Lopes,Eduardo Lopes,M,RJ,PRB,NA,1º Suplente,55,0
5146,senado,NA,Elaine Matozinhos Ribeiro,Elaine Matozinhos Ribeiro,M,MG,PTB,NA,2º Suplente,55,0
4969,senado,NA,Elber Batalha de Goes,Elber Batalha,M,SE,PSB,NA,2º Suplente,55,0
5148,senado,NA,Elmiro Alves do Nascimento,Elmiro Alves do Nascimento,M,MG,DEM,NA,1º Suplente,55,0
5064,senado,NA,Emir Simão Sader,Emir Simão Sader,M,RJ,PT,NA,2º Suplente,55,0
5126,senado,NA,Enivaldo Euzébio dos Anjos,Enivaldo Euzébio dos Anjos,M,ES,PDT,NA,2º Suplente,55,0
612,senado,NA,Eunício Lopes de Oliveira,Eunício Oliveira,M,CE,MDB,NA,Titular,55,0
5026,senado,NA,Fernando Carvalho Lage,Fernando Carvalho Lage,M,AC,DEM,NA,1º Suplente,55,0
2632,senado,NA,Fernando de Castro Ribeiro,Fernando Ribeiro,M,PA,MDB,NA,1º Suplente,55,0
4873,senado,NA,José Eduardo Fleury Fernandes Costa,Fleury,M,GO,DEM,NA,2º Suplente,55,0
3634,senado,NA,Fernando de Souza Flexa Ribeiro,Flexa Ribeiro,M,PA,PSDB,NA,Titular,55,0
553,senado,NA,Francisco Garcia Rodrigues,Francisco Garcia,M,AM,NA,NA,1º Suplente,55,0
5054,senado,NA,Francisco Simeão Rodrigues Neto,Francisco Simeão Rodrigues Neto,M,PR,MDB,NA,1º Suplente,55,0
5416,senado,NA,Francisco Wilson Ribeiro,Francisco Wilson Ribeiro,M,PA,NA,NA,2º Suplente,55,0
5034,senado,NA,Fábio Luiz Araújo Lopes de Farias,Fábio Luiz Araújo Lopes de Farias,M,AL,MDB,NA,1º Suplente,55,0
5162,senado,NA,Félix Urano Gama de Souza,Félix Urano Gama de Souza,M,PA,PSOL,NA,2º Suplente,55,0
5024,senado,NA,Gabriel Maia Gelpke,Gabriel Maia Gelpke,M,AC,PSB,NA,2º Suplente,55,0
87,senado,NA,Garibaldi Alves Filho,Garibaldi Alves Filho,M,RN,MDB,NA,Titular,55,0
4522,senado,NA,Geovani Pinheiro Borges,Geovani Borges,M,AP,MDB,NA,1º Suplente,55,0
5088,senado,NA,Gilberto Corazza,Gilberto Corazza,M,RS,PT,NA,2º Suplente,55,0
30,senado,NA,Gilvam Pinheiro Borges,Gilvam Borges,M,AP,MDB,NA,Titular,55,0
5128,senado,NA,Gino Jose Ferreira,Gino Jose Ferreira,M,MS,DEM,NA,2º Suplente,55,0
5030,senado,NA,José Givago Raposo Tenório,Givago Tenório,M,AL,PP,NA,1º Suplente,55,0
5006,senado,NA,Gleisi Helena Hoffmann,Gleisi Hoffmann,F,PR,PT,NA,Titular,55,0
5100,senado,NA,Hélio José da Silva Lima,Hélio José,M,DF,PROS,NA,1º Suplente,55,0
5076,senado,NA,Ione Borges Ribeiro Guimarães,Ione Guimarães,F,GO,PTB,NA,1º Suplente,55,0
1754,senado,NA,Itamar Augusto Cautiero Franco,Itamar Franco,M,MG,NA,NA,Titular,55,0
5418,senado,NA,Ivanci Magno,Ivanci Magno,M,AP,NA,NA,1º Suplente,55,0
5004,senado,NA,Ivo Narciso Cassol,Ivo Cassol,M,RO,PP,NA,Titular,55,0
5022,senado,NA,Janduhy Max Freire de Andrade,Janduhy Max Freire de Andrade,M,RN,PL,NA,2º Suplente,55,0
724,senado,NA,Joaquim Francisco de Freitas Cavalcanti,Joaquim Francisco,M,PE,PSB,NA,1º Suplente,55,0
4990,senado,NA,Jorge Ney Viana Macedo Neves,Jorge Viana,M,AC,PT,NA,Titular,55,0
5078,senado,NA,Jose Nagib da Silva Lima,Jose Nagib da Silva Lima,M,RR,PT,NA,1º Suplente,55,0
40,senado,NA,José Agripino Maia,José Agripino,M,RN,DEM,NA,Titular,55,0
5090,senado,NA,José Alberto Wenzel,José Alberto Wenzel,M,RS,PSDB,NA,1º Suplente,55,0
5120,senado,NA,José Antonio Guidoni,José Antonio Guidoni,M,ES,PSB,NA,2º Suplente,55,0
43,senado,NA,José Eduardo de Barros Dutra,José Eduardo Dutra,M,SE,PT,NA,1º Suplente,55,0
5112,senado,NA,José Antônio Medeiros,José Medeiros,M,MT,PODEMOS,NA,1º Suplente,55,0
615,senado,NA,José Barroso Pimentel,José Pimentel,M,CE,PT,NA,Titular,55,0
5180,senado,NA,José Rodrigues da Silva,José Rodrigues da Silva,M,PE,PSB,NA,2º Suplente,55,0
5036,senado,NA,José de Macedo Ferreira,José de Macedo Ferreira,M,AL,MDB,NA,2º Suplente,55,0
950,senado,NA,João Alberto de Souza,João Alberto Souza,M,MA,MDB,NA,Titular,55,0
3394,senado,NA,João Alberto Rodrigues Capiberibe,João Capiberibe,M,AP,PSB,NA,Titular,55,0
5186,senado,NA,João Claudino Fernandes,João Claudino Fernandes,M,PI,PRTB,NA,1º Suplente,55,0
5166,senado,NA,João Costa Ribeiro Filho,João Costa,M,TO,PPL,NA,1º Suplente,55,0
3593,senado,NA,João Faustino Ferreira Neto,João Faustino,M,RN,PSDB,NA,1º Suplente,55,0
916,senado,NA,João Batista de Jesus Ribeiro,João Ribeiro,M,TO,PL,NA,Titular,55,0
5066,senado,NA,Juçara Feitosa de Oliveira,Juçara Feitosa de Oliveira,M,BA,PT,NA,2º Suplente,55,0
5158,senado,NA,Antonio Carlos Porto de Andrade,Kaká Andrade,M,SE,PDT,NA,2º Suplente,55,0
5156,senado,NA,Lauro Antonio Texeira Menezes,Lauro Antonio,M,SE,PL,NA,1º Suplente,55,0
3695,senado,NA,Luiz Lindbergh Farias Filho,Lindbergh Farias,M,RJ,PT,NA,Titular,55,0
5040,senado,NA,Lirio Albino Parisotto,Lirio Albino Parisotto,M,AM,MDB,NA,2º Suplente,55,0
3579,senado,NA,Edison Lobão Filho,Lobão Filho,M,MA,MDB,NA,1º Suplente,55,0
5092,senado,NA,Luis Carlos Paes de Castro,Luis Carlos Paes de Castro,M,CE,PCdoB,NA,2º Suplente,55,0
5104,senado,NA,Luis Cláudio da Costa Avelar,Luis Cláudio da Costa Avelar,M,DF,PCdoB,NA,2º Suplente,55,0
5002,senado,NA,Luiz Henrique da Silveira,Luiz Henrique,M,SC,MDB,NA,Titular,55,0
5058,senado,NA,Luís Guilherme Gomes Mussi,Luís Guilherme Gomes Mussi,M,PR,MDB,NA,2º Suplente,55,0
4575,senado,NA,Lídice da Mata e Souza,Lídice da Mata,F,BA,PSB,NA,Titular,55,0
643,senado,NA,Lúcia Vânia Abrão,Lúcia Vânia,F,GO,PSB,NA,Titular,55,0
631,senado,NA,Magno Pereira Malta,Magno Malta,M,ES,PL,NA,Titular,55,0
4951,senado,NA,Manoel Angelo Chagas,Manoel Angelo Chagas,M,RO,MDB,NA,2º Suplente,55,0
3366,senado,NA,Marcelo Bezerra Crivella,Marcelo Crivella,M,RJ,PRB,NA,Titular,55,0
710,senado,NA,Marcondes Iran Benevides Gadelha,Marcondes Gadelha,M,PB,PSC,NA,1º Suplente,55,0
5124,senado,NA,Maria Antonieta Amorim dos Santos,Maria Antonieta Amorim dos Santos,M,MS,MDB,NA,1º Suplente,55,0
5190,senado,NA,Maria Luza de Aquino Machado,Maria Luza de Aquino Machado,M,GO,PTB,NA,2º Suplente,55,0
5174,senado,NA,Maria de Pompeia Lins Pessoa,Maria de Pompeia Lins Pessoa,M,PE,PT,NA,2º Suplente,55,0
4998,senado,NA,Marinor Jorge Brito,Marinor Brito,F,PA,PSOL,NA,Titular,55,0
5142,senado,NA,Marta Maria Freire da Costa,Marta Maria Freire da Costa,M,SP,DEM,NA,2º Suplente,55,0
5000,senado,NA,Marta Teresa Suplicy,Marta Suplicy,F,SP,MDB,NA,Titular,55,0
670,senado,NA,Mauro de Alencar Fecury,Mauro Fecury,M,MA,MDB,NA,2º Suplente,55,0
5086,senado,NA,Miguel Dias de Souza,Miguel Dias de Souza,M,CE,PRB,NA,2º Suplente,55,0
5094,senado,NA,Márcio Bergonsi Turra,Márcio Bergonsi Turra,M,RS,PP,NA,2º Suplente,55,0
5176,senado,NA,Nestor Duarte Guimarães Neto,Nestor Duarte Guimarães Neto,M,BA,PDT,NA,1º Suplente,55,0
380,senado,NA,Nicias Lopes Ribeiro,Nicias Ribeiro,M,PA,PSDB,NA,1º Suplente,55,0
288,senado,NA,Nilson Moura Leite Mourão,Nilson Mourão,M,AC,PT,NA,1º Suplente,55,0
64,senado,NA,Odacir Soares Rodrigues,Odacir Soares,M,RO,PP,NA,2º Suplente,55,0
5060,senado,NA,Olney Ribeiro Botelho,Olney Ribeiro Botelho,M,RJ,PDT,NA,1º Suplente,55,0
5080,senado,NA,Pablo Sergio Souza Bezerra,Pablo Sergio Souza Bezerra,M,RR,PT,NA,2º Suplente,55,0
918,senado,NA,Amarildo Martins da Silva,Pastor Amarildo,M,TO,PSC,NA,2º Suplente,55,0
5018,senado,NA,Heber Waldo Silva Costa,Pastor Bel,M,MA,PRTB,NA,2º Suplente,55,0
5122,senado,NA,Paulo Antenor de Oliveira,Paulo Antenor de Oliveira,M,ES,PL,NA,1º Suplente,55,0
3741,senado,NA,Paulo Roberto Bauer,Paulo Bauer,M,SC,PSDB,NA,Titular,55,0
5020,senado,NA,Paulo Roberto Davim,Paulo Davim,M,RN,PV,NA,1º Suplente,55,0
5152,senado,NA,Paulo Frateschi,Paulo Frateschi,M,SP,PT,NA,2º Suplente,55,0
5114,senado,NA,Paulo Pereira Fíuza Filho,Paulo Pereira Fíuza Filho,M,MT,PV,NA,2º Suplente,55,0
5116,senado,NA,Pedro Chaves dos Santos Filho,Pedro Chaves,M,MS,PRB,NA,1º Suplente,55,0
5050,senado,NA,Pedro Irno Tonelli,Pedro Irno Tonelli,M,PR,PT,NA,2º Suplente,55,0
5010,senado,NA,José Pedro Gonçalves Taques,Pedro Taques,M,MT,PDT,NA,Titular,55,0
2207,senado,NA,Raimundo Lira,Raimundo Lira,M,PB,PSD,NA,1º Suplente,55,0
5072,senado,NA,Reditario Cassol,Reditario Cassol,M,RO,PP,NA,1º Suplente,55,0
5182,senado,NA,Maria Regina Sousa,Regina Sousa,F,PI,PT,NA,1º Suplente,55,0
635,senado,NA,Ricardo de Rezende Ferraço,Ricardo Ferraço,M,ES,PSDB,NA,Titular,55,0
5052,senado,NA,Roberto de Oliveira Muniz,Roberto Muniz,M,BA,PP,NA,1º Suplente,55,0
72,senado,NA,Roberto Requião de Mello e Silva,Roberto Requião,M,PR,MDB,NA,Titular,55,0
5098,senado,NA,Roberto Wagner Monteiro,Roberto Wagner Monteiro,M,DF,PRB,NA,2º Suplente,55,0
4593,senado,NA,Rodrigo Sobral Rollemberg,Rodrigo Rollemberg,M,DF,PSB,NA,Titular,55,0
5110,senado,NA,Manoel Antônio Rodrigues Palma,Rodrigues Palma,M,MT,PL,NA,2º Suplente,55,0
73,senado,NA,Romero Jucá Filho,Romero Jucá,M,RR,MDB,NA,Titular,55,0
4847,senado,NA,Salomão Alcolumbre Júnior,Salomão Alcolumbre Júnior,M,AP,MDB,NA,2º Suplente,55,0
5074,senado,NA,Sander Fraxe Salomao,Sander Fraxe Salomao,M,RR,MDB,NA,2º Suplente,55,0
5172,senado,NA,Sanny Japiassú dos Santos,Sanny Japiassú dos Santos,M,PB,MDB,NA,2º Suplente,55,0
5048,senado,NA,Sergio de Souza,Sergio Souza,M,PR,MDB,NA,1º Suplente,55,0
624,senado,NA,Aluísio Sérgio Novais Eleutério,Sérgio Novais,M,CE,PSB,NA,1º Suplente,55,0
5106,senado,NA,Sérgio Rogério de Castro,Sérgio de Castro,M,ES,PDT,NA,1º Suplente,55,0
438,senado,NA,Tilden José Santiago,Tilden Santiago,M,MG,PSB,NA,2º Suplente,55,0
4949,senado,NA,Tomás Guilherme Correia,Tomás Correia,M,RO,MDB,NA,1º Suplente,55,0
5068,senado,NA,Tânia Cristina Magalhães Bastos e Silva,Tânia Cristina Magalhães Bastos e Silva,M,RJ,PRB,NA,2º Suplente,55,0
5420,senado,NA,Ubiraci Picanço,Ubiraci Picanço,M,AP,NA,NA,2º Suplente,55,0
3372,senado,NA,Valdir Raupp de Matos,Valdir Raupp,M,RO,MDB,NA,Titular,55,0
5130,senado,NA,Valério Djalma Cavalcanti Marinho,Valério Djalma Cavalcanti Marinho,M,RN,PSDB,NA,2º Suplente,55,0
558,senado,NA,Vanessa Grazziotin,Vanessa Grazziotin,F,AM,PCdoB,NA,Titular,55,0
5084,senado,NA,Veridiana Maria Tonini,Veridiana Maria Tonini,M,RS,PT,NA,1º Suplente,55,0
4763,senado,NA,Vicente Alves de Oliveira,Vicentinho Alves,M,TO,PL,NA,Titular,55,0
4645,senado,NA,Vital do Rêgo Filho,Vital do Rêgo,M,PB,MDB,NA,Titular,55,0
5082,senado,NA,Waldemir Catanho de Sena Júnior,Waldemir Catanho de Sena Júnior,M,CE,PT,NA,1º Suplente,55,0
1176,senado,NA,Waldemir Moka Miranda de Britto,Waldemir Moka,M,MS,MDB,NA,Titular,55,0
604,senado,NA,Walter de Freitas Pinheiro,Walter Pinheiro,M,BA,S/Partido,NA,Titular,55,0
5016,senado,NA,José Wellington Barroso de Araujo Dias,Wellington Dias,M,PI,PT,NA,Titular,55,0
5070,senado,NA,Wilder Pedro de Morais,Wilder Morais,M,GO,DEM,NA,1º Suplente,55,0
5096,senado,NA,Wilmar Lacerda,Wilmar Lacerda,M,DF,PDT,NA,1º Suplente,55,0
3811,senado,NA,José Wilson Santiago,Wilson Santiago,M,PB,PTB,NA,Titular,55,0
3597,senado,NA,Wirlande Santos da Luz,Wirlande da Luz,M,RR,MDB,NA,1º Suplente,55,0
5144,senado,NA,José Perrella de Oliveira Costa,Zeze Perrella,M,MG,MDB,NA,1º Suplente,55,0
5118,senado,NA,Zonir Freitas Tetila,Zonir Freitas Tetila,M,MS,PT,NA,2º Suplente,55,0
5184,senado,NA,José Ribamar Noleto de Santana,Zé Santana,M,PI,MDB,NA,2º Suplente,55,0
4697,senado,NA,Ângela Maria Gomes Portela,Ângela Portela,F,RR,PDT,NA,Titular,55,0
5573,senado,NA,Abel Rebouças São José,Abel Rebouças,M,BA,PDT,NA,1º Suplente,56,0
4981,senado,NA,Acir Marcos Gurgacz,Acir Gurgacz,M,RO,PDT,NA,Titular,56,1
5918,senado,NA,Adilson Gomes Silva,Adilson Gomes,M,PE,NA,NA,2º Suplente,56,0
5625,senado,NA,Adilson Silva dos Santos,Adilson Silva dos Santos,M,RS,PEN,NA,2º Suplente,56,0
6026,senado,NA,Afonso Valter Parente Pinto,Afonso Parente,M,RR,NA,NA,2º Suplente,56,0
5923,senado,NA,Alberto da Silva David,Alberto David,M,AP,NA,NA,1º Suplente,56,0
5982,senado,NA,Alessandro Vieira,Alessandro Vieira,M,SE,CIDADANIA,NA,Titular,56,1
4610,senado,NA,Alexandre Silveira de Oliveira,Alexandre Silveira,M,MG,PSD,NA,1º Suplente,56,0
3651,senado,NA,Alfredo Cotait Neto,Alfredo Cotait Neto,M,SP,DEM,NA,1º Suplente,56,0
5962,senado,NA,Alisson Taveira Rocha Leal,Alisson Taveira,M,RN,NA,NA,1º Suplente,56,0
945,senado,NA,Alvaro Fernandes Dias,Alvaro Dias,M,PR,PODEMOS,NA,Titular,56,1
5607,senado,NA,Maria Alzenir Porto da Costa,Alzenir Porto,F,PI,PTB,NA,2º Suplente,56,0
5989,senado,NA,Ana Maria de Resende Vieira,Ana Maria,F,MG,NA,NA,2º Suplente,56,0
5950,senado,NA,Ana Paula Tongo da Silva,Ana Paula Tongo,F,ES,NA,NA,1º Suplente,56,0
5969,senado,NA,Andre Felipe de Oliveira da Silva,Andre Filipe,M,DF,NA,NA,2º Suplente,56,0
5967,senado,NA,Angelo Mario Coronel de Azevedo Martins,Angelo Coronel,M,BA,PSD,NA,Titular,56,1
5529,senado,NA,Antonio Augusto Junho Anastasia,Antonio Anastasia,M,MG,PSDB,NA,Titular,56,1
6001,senado,NA,Arlindo Penha da Silva,Arlindo Silva,M,PA,NA,NA,1º Suplente,56,0
751,senado,NA,Arolde de Oliveira,Arolde de Oliveira,M,RJ,PSD,NA,Titular,56,1
6009,senado,NA,Marcos Cesar Pontes,Astronauta Marcos Pontes,M,SP,NA,NA,2º Suplente,56,0
5633,senado,NA,Atilio Francisco da Silva,Atilio Francisco,M,SP,PRB,NA,2º Suplente,56,0
5631,senado,NA,Genésio Ayres Marchetti,Ayres Marchetti,M,SC,PSD,NA,2º Suplente,56,0
5554,senado,NA,Adalberto Souza Galvão,Bebeto,M,BA,PSB,NA,1º Suplente,56,0
4979,senado,NA,Bene André Camacho Araújo,Bene Camacho,M,MA,PTB,NA,2º Suplente,56,0
5896,senado,NA,Benjamin Beze Junior,Benjamin Beze Junior,M,GO,NA,NA,1º Suplente,56,0
5952,senado,NA,Bento Adeodato Porto,Bento,M,ES,NA,NA,2º Suplente,56,0
6011,senado,NA,Jose Roberto Martins,Beto Martins,M,SC,NA,NA,2º Suplente,56,0
5932,senado,NA,Gilberto Eglair Possamai,Beto Possamai,M,MT,NA,NA,1º Suplente,56,0
5559,senado,NA,José Afonso Teixeira,Bispo José,M,AC,PSC,NA,2º Suplente,56,0
6013,senado,NA,Carlos Alberto de Castro Almeida,Carlos Alberto,M,AM,NA,NA,1º Suplente,56,0
5603,senado,NA,Carlos Augusto Lopes da Costa,Carlos Augusto Costa,M,PE,PV,NA,1º Suplente,56,0
6020,senado,NA,Carlos Milton Morais,Carlos Milton Morais,M,RO,NA,NA,2º Suplente,56,0
5990,senado,NA,Carlos Alberto Dias Viana,Carlos Viana,M,MG,PSD,NA,Titular,56,1
5991,senado,NA,Castellar Modesto Guimarães Neto,Castellar Guimarães Neto,M,MG,NA,NA,1º Suplente,56,0
5593,senado,NA,Celso Dal Lago Rodrigues,Celso Dal Lago Rodrigues,M,MS,MDB,NA,1º Suplente,56,0
6000,senado,NA,João Chamon Neto,Chamon,M,PA,NA,NA,2º Suplente,56,0
470,senado,NA,Francisco de Assis Rodrigues,Chico Rodrigues,M,RR,DEM,NA,Titular,56,1
611,senado,NA,Francisco Feitosa de Albuquerque Lima,Chiquinho Feitosa,M,CE,PSDB,NA,1º Suplente,56,0
5623,senado,NA,Christopher Belchior Goulart,Christopher Goulart,M,RS,PDT,NA,1º Suplente,56,0
5973,senado,NA,Cid Ferreira Gomes,Cid Gomes,M,CE,PDT,NA,Titular,56,1
739,senado,NA,Ciro Nogueira Lima Filho,Ciro Nogueira,M,PI,PP,NA,Titular,56,1
6017,senado,NA,Cleonice Fabiane Back,Cleonice Back,F,RS,NA,NA,1º Suplente,56,0
5933,senado,NA,Clérie Fabiana Mendes,Clerie Fabiana,M,MT,NA,NA,2º Suplente,56,0
475,senado,NA,Confúcio Aires Moura,Confúcio Moura,M,RO,MDB,NA,Titular,56,1
5963,senado,NA,Margarida Brandão Fernandes de Araújo,Coronel Margarida,M,RN,NA,NA,2º Suplente,56,0
5960,senado,NA,Cândida dos Santos Farias,Cândida Farias,M,MT,NA,NA,2º Suplente,56,0
5998,senado,NA,Daniella Velloso Borges Ribeiro,Daniella Ribeiro,F,PB,PP,NA,Titular,56,1
5992,senado,NA,Danilo Martins de Oliveira,Danilo Martins de Oliveira,M,MG,NA,NA,2º Suplente,56,0
5987,senado,NA,Danny Fabricio Cabral Gomes,Danny Fabricio,M,MS,NA,NA,2º Suplente,56,0
3830,senado,NA,David Samuel Alcolumbre Tobelem,Davi Alcolumbre,M,AP,DEM,NA,Titular,56,1
5837,senado,NA,Davidson de Magalhães Santos,Davidson Magalhães,M,BA,PCdoB,NA,1º Suplente,56,0
6012,senado,NA,Denise Antunes dos Santos,Denise dos Santos,F,SC,NA,NA,2º Suplente,56,0
5996,senado,NA,Marcio Diego Fernandes Tavares de Albuquerque,Diego Tavares,M,PB,NA,NA,2º Suplente,56,0
5637,senado,NA,Divino Donizeti Borges Nogueira,Donizeti Nogueira,M,TO,PT,NA,1º Suplente,56,0
5975,senado,NA,Francisco José Alves Guimaraes,Dr. Guimarães,M,CE,NA,NA,2º Suplente,56,0
5565,senado,NA,Francisco Helder Cavalcante Sousa,Dr. Helder Cavalcante,M,AM,PL,NA,1º Suplente,56,0
6016,senado,NA,Adriana de Lucena Francisco,Drica de Lucena,F,RS,NA,NA,2º Suplente,56,0
5537,senado,NA,Dário Elias Berger,Dário Berger,M,SC,MDB,NA,Titular,56,1
4994,senado,NA,Carlos Eduardo de Souza Braga,Eduardo Braga,M,AM,MDB,NA,Titular,56,1
5976,senado,NA,Luis Eduardo Grangeiro Girão,Eduardo Girão,M,CE,PODEMOS,NA,Titular,56,1
3777,senado,NA,Carlos Eduardo Torres Gomes,Eduardo Gomes,M,TO,MDB,NA,Titular,56,0
5902,senado,NA,Eduardo Ovídio Borges de Velloso Vianna,Eduardo Velloso,M,AC,NA,NA,1º Suplente,56,0
5587,senado,NA,Eladio Barbosa Carneiro,Eladio Carneiro,M,GO,MDB,NA,2º Suplente,56,0
5898,senado,NA,Eliane e Silva Nogueira Lima,Eliane Nogueira,F,PI,NA,NA,1º Suplente,56,0
5605,senado,NA,Eliane Rodrigues de Andrade Ferreira,Eliane Rodrigues,F,PE,PSB,NA,2º Suplente,56,0
5718,senado,NA,Eliziane Pereira Gama Melo,Eliziane Gama,F,MA,CIDADANIA,NA,Titular,56,1
5531,senado,NA,Elmano Férrer de Almeida,Elmano Férrer,M,PI,PODEMOS,NA,Titular,56,1
6025,senado,NA,Roberta Leontina Xisto Acioly,Enfermeira Roberta,F,RR,NA,NA,1º Suplente,56,0
22,senado,NA,Esperidião Amin Helou Filho,Esperidião Amin,M,SC,PP,NA,Titular,56,1
5906,senado,NA,Eudocia Maria Holanda de Araujo Caldas,Eudócia Caldas,F,AL,NA,NA,1º Suplente,56,0
5953,senado,NA,Fabiano Contarato,Fabiano Contarato,M,ES,REDE,NA,Titular,56,1
5740,senado,NA,Fabio Paulino Garcia,Fabio Garcia,M,MT,DEM,NA,1º Suplente,56,0
5581,senado,NA,Fadi Fayez Faraj,Fadi Faraj,M,DF,SD,NA,2º Suplente,56,0
5540,senado,NA,Fernando Bezerra de Souza Coelho,Fernando Bezerra Coelho,M,PE,MDB,NA,Titular,56,1
5980,senado,NA,Fernando Luiz Prado Carvalho Junior,Fernando Carvalho,M,SE,NA,NA,1º Suplente,56,0
4525,senado,NA,Fernando Affonso Collor de Mello,Fernando Collor,M,AL,PROS,NA,Titular,56,0
5917,senado,NA,Fernando Antonio Caminha Dueire,Fernando Dueire,M,PE,NA,NA,1º Suplente,56,0
5577,senado,NA,Fernando Antonio Mendes Façanha Filho,Fernando Façanha,M,CE,PSDB,NA,2º Suplente,56,0
5920,senado,NA,Flavio Marcelo Gonçalves Vicente,Flavio Vicente,M,PR,NA,NA,2º Suplente,56,0
345,senado,NA,Flávio José Arns,Flávio Arns,M,PR,REDE,NA,Titular,56,1
5894,senado,NA,Flávio Nantes Bolsonaro,Flávio Bolsonaro,M,RJ,PSL,NA,Titular,56,1
3713,senado,NA,Maria de Fátima Bezerra,Fátima Bezerra,F,RN,PT,NA,Titular,56,0
196,senado,NA,Geraldo César Althoff,Geraldo Althoff,M,SC,NA,NA,1º Suplente,56,0
5900,senado,NA,Gil Marques de Medeiros,Gil Paraibano,M,PI,NA,NA,2º Suplente,56,0
5615,senado,NA,Gilberto Piselo do Nascimento,Gilberto Piselo,M,RO,PDT,NA,1º Suplente,56,0
6008,senado,NA,Alexandre Luiz Giordano,Giordano,M,SP,NA,NA,1º Suplente,56,0
4558,senado,NA,Gladson de Lima Cameli,Gladson Cameli,M,AC,PP,NA,Titular,56,0
5639,senado,NA,Guaracy Batista da Silveira,Guaracy Silveira,M,TO,PSL,NA,2º Suplente,56,0
5999,senado,NA,Helenilson Cunha Pontes,Helenilson Pontes,M,PA,NA,NA,1º Suplente,56,0
5907,senado,NA,Henrique Arruda Guimarães,Henrique Arruda,M,AL,NA,NA,2º Suplente,56,0
5008,senado,NA,Humberto Sérgio Costa Lima,Humberto Costa,M,PE,PT,NA,Titular,56,1
5385,senado,NA,Irajá Silvestre Filho,Irajá,M,TO,PSD,NA,Titular,56,1
6015,senado,NA,Ireneu Orth,Ireneu Orth,M,RS,NA,NA,1º Suplente,56,0
6007,senado,NA,Ivani Perrone Boscolo,Ivani Boscolo,F,SP,NA,NA,2º Suplente,56,0
6010,senado,NA,Ivete Marli Appel da Silveira,Ivete da Silveira,F,SC,NA,NA,1º Suplente,56,0
5978,senado,NA,Maria Ivonete Gomes do Nascimento,Ivonete Nascimento,F,DF,NA,NA,2º Suplente,56,0
4770,senado,NA,Izalci Lucas Ferreira,Izalci Lucas,M,DF,PSDB,NA,Titular,56,1
5931,senado,NA,Jacira Maria Alves de Souza,Jacira Souza,F,AM,NA,NA,2º Suplente,56,0
35,senado,NA,Jader Fontenelle Barbalho,Jader Barbalho,M,PA,MDB,NA,Titular,56,1
5912,senado,NA,Jader Paiva de Melo,Jader Melo,M,GO,NA,NA,2º Suplente,56,0
581,senado,NA,Jaques Wagner,Jaques Wagner,M,BA,PT,NA,Titular,56,1
4545,senado,NA,Jarbas de Andrade Vasconcelos,Jarbas Vasconcelos,M,PE,MDB,NA,Titular,56,1
4531,senado,NA,Jayme Veríssimo de Campos,Jayme Campos,M,MT,DEM,NA,Titular,56,1
5627,senado,NA,Jean Paul Terra Prates,Jean Paul Prates,M,RN,PT,NA,1º Suplente,56,1
5609,senado,NA,Joel Malucelli,Joel Malucelli,M,PR,PSD,NA,1º Suplente,56,0
5895,senado,NA,Jorge Kajuru Reis da Costa Nasser,Jorge Kajuru,M,GO,PSB,NA,Titular,56,1
5993,senado,NA,Jorge Mitidieri,Jorge Mitidieri,M,SE,NA,NA,1º Suplente,56,0
4885,senado,NA,Jorge Yoshiaki Yanai,Jorge Yanai,M,MT,DEM,NA,1º Suplente,56,0
5350,senado,NA,Jorginho dos Santos Mello,Jorginho Mello,M,SC,PL,NA,Titular,56,1
5569,senado,NA,Jose Samuel Alcolumbre Tobelem,Josiel,M,AP,DEM,NA,1º Suplente,56,0
5849,senado,NA,Jose Amauri P. de Araújo,José Amauri,M,PI,PODEMOS,NA,1º Suplente,56,0
878,senado,NA,José Aníbal Peres de Pontes,José Aníbal,M,SP,PSDB,NA,1º Suplente,56,0
5579,senado,NA,José Carlos de Moraes Vasconcellos Filho,José Carlos Vasconcellos,M,DF,PDT,NA,1º Suplente,56,0
5983,senado,NA,José Chagas dos Santos,José Chagas,M,MS,NA,NA,1º Suplente,56,0
5910,senado,NA,José Hamilton Furtado Castelo Branco,José Hamilton,M,PI,NA,NA,1º Suplente,56,0
3361,senado,NA,José Targino Maranhão,José Maranhão,M,PB,MDB,NA,Titular,56,1
90,senado,NA,José Serra,José Serra,M,SP,PSDB,NA,Titular,56,1
5613,senado,NA,João Batista da Rocha Lemos,João Batista Lemos,M,RJ,PCB,NA,1º Suplente,56,0
5972,senado,NA,Julio Ventura Neto,Julio Ventura,M,CE,NA,NA,2º Suplente,56,0
5929,senado,NA,Selma Rosane Santos Arruda,Juíza Selma,F,MT,PSL,NA,Titular,56,1
5965,senado,NA,Manoel Junior Souto de Souza,Júnior Souto,M,RN,NA,NA,1º Suplente,56,0
1249,senado,NA,Kátia Regina de Abreu,Kátia Abreu,F,TO,PDT,NA,Titular,56,1
415,senado,NA,Lael Vieira Varella,Lael Varella,M,MG,DEM,NA,2º Suplente,56,0
5533,senado,NA,Lasier Costa Martins,Lasier Martins,M,RS,PODEMOS,NA,Titular,56,1
5977,senado,NA,Leany Barreiro de Sousa Lemos,Leany Lemos,F,DF,NA,NA,1º Suplente,56,0
5979,senado,NA,Leila Gomes de Barros Rêgo,Leila Barros,F,DF,PSB,NA,Titular,56,1
5903,senado,NA,Leonardo Rodrigues,Leonardo Rodrigues,M,RJ,NA,NA,2º Suplente,56,0
5926,senado,NA,Luiz Cantuária Barreto,Lucas Barreto,M,AP,PSD,NA,Titular,56,1
6014,senado,NA,Luciana Leão Muniz,Luciana Leão Muniz,F,BA,NA,NA,2º Suplente,56,0
1186,senado,NA,Luis Carlos Heinze,Luis Carlos Heinze,M,RS,PP,NA,Titular,56,1
5968,senado,NA,Luis Felipe Belmonte dos Santos,Luis Felipe Belmonte,M,DF,NA,NA,1º Suplente,56,0
5567,senado,NA,Luis Augusto Mitoso Junior,Luis Mitoso,M,AM,PSD,NA,2º Suplente,56,0
151,senado,NA,Luiz Osvaldo Pastore,Luiz Pastore,M,ES,MDB,NA,1º Suplente,56,0
5585,senado,NA,Luiz Carlos do Carmo,Luiz do Carmo,M,GO,MDB,NA,1º Suplente,56,1
5904,senado,NA,José Eugênio de Leão Braga,Macapá,M,AC,NA,NA,2º Suplente,56,0
5557,senado,NA,Mailza Assis da Silva,Mailza Gomes,F,AC,PP,NA,1º Suplente,56,1
5981,senado,NA,Ildomario Santos Gomes,Major Ildomario,M,SE,NA,NA,2º Suplente,56,0
5666,senado,NA,Sergio Olimpio Gomes,Major Olimpio,M,SP,PSL,NA,Titular,56,1
5591,senado,NA,Manoel Francisco de Vasconcelos Motta,Manoel Motta,M,MT,PCB,NA,2º Suplente,56,0
5376,senado,NA,Mara Cristina Gabrilli,Mara Gabrilli,F,SP,PSDB,NA,Titular,56,1
742,senado,NA,Marcelo Costa e Castro,Marcelo Castro,M,PI,MDB,NA,Titular,56,1
5915,senado,NA,Maria Márcia Rodrigues de Almeida,Marcia do Angico,F,PE,NA,NA,2º Suplente,56,0
285,senado,NA,Márcio Miguel Bittar,Marcio Bittar,M,AC,MDB,NA,Titular,56,1
5422,senado,NA,Marcos Rogério da Silva Brito,Marcos Rogério,M,RO,DEM,NA,Titular,56,1
6287,senado,NA,Marcos de Souza Costa,Marcos de Souza Costa,M,TO,NA,NA,1º Suplente,56,0
5942,senado,NA,Marcos Ribeiro do Val,Marcos do Val,M,ES,CIDADANIA,NA,Titular,56,1
5909,senado,NA,Maria Alice Melo de Araújo,Maria Alice,F,AC,NA,NA,2º Suplente,56,0
6019,senado,NA,Maria Eliza de Aguiar e Silva,Maria Eliza,F,RO,NA,NA,1º Suplente,56,0
5994,senado,NA,Maria da Conceição dos Anjos,Maria da Taiçoca,F,SE,NA,NA,2º Suplente,56,0
5908,senado,NA,Maria das Vitórias Soares de Medeiros,Maria das Vitórias,F,AC,NA,NA,1º Suplente,56,0
1023,senado,NA,Maria do Carmo do Nascimento Alves,Maria do Carmo Alves,F,SE,DEM,NA,Titular,56,1
6002,senado,NA,Marcos Antônio Marinho da Cunha,Marinho Cunha,M,PA,NA,NA,2º Suplente,56,0
5575,senado,NA,Marizete Lisboa Fernandes Pereira,Marizete,F,BA,PT,NA,2º Suplente,56,0
5571,senado,NA,Marco Jeovano Soares Ribas,Marquinho,M,AP,DEM,NA,2º Suplente,56,0
6027,senado,NA,Antônio Mecias Pereira de Jesus,Mecias de Jesus,M,RR,PRB,NA,Titular,56,1
5935,senado,NA,Miguel Capobiango Neto,Miguel Biango,M,AM,NA,NA,2º Suplente,56,0
5897,senado,NA,Milton Jose das Mercêz,Milton Mercêz,M,GO,NA,NA,2º Suplente,56,0
5595,senado,NA,Moacir Kohl,Moacir Kohl,M,MS,PSB,NA,2º Suplente,56,0
5997,senado,NA,Nailde Fernandes Panta da Silva,Nailde Panta,F,PB,NA,NA,1º Suplente,56,0
5985,senado,NA,Nelson Trad Filho,Nelsinho Trad,M,MS,PSD,NA,Titular,56,1
63,senado,NA,Ney Robinson Suassuna,Ney Suassuna,M,PB,MDB,NA,1º Suplente,56,0
5281,senado,NA,Ozanilda Gondim Vital do Rego,Nilda Gondim,F,PB,MDB,NA,1º Suplente,56,0
6006,senado,NA,Ogari de Castro Pacheco,Ogari Pacheco,M,TO,NA,NA,2º Suplente,56,0
5525,senado,NA,Omar José Abdel Aziz,Omar Aziz,M,AM,PSD,NA,Titular,56,1
6024,senado,NA,Onésimo de Souza Cruz Netto,Onésimo Cruz,M,RR,NA,NA,2º Suplente,56,0
5924,senado,NA,Oriovisto Guimaraes,Oriovisto Guimarães,M,PR,PODEMOS,NA,Titular,56,1
5523,senado,NA,Otto Roberto Mendonça de Alencar,Otto Alencar,M,BA,PSD,NA,Titular,56,1
5925,senado,NA,Orlando Moura Gaia,Pastor Gaia,M,AP,NA,NA,2º Suplente,56,0
5599,senado,NA,Ibanes Taveira da Silva,Pastor Ibanes Taveira,M,PA,PDT,NA,2º Suplente,56,0
5966,senado,NA,Manoel Roberto Silva do Rego,Pastor Manoel Roberto,M,RN,NA,NA,2º Suplente,56,0
6022,senado,NA,Severino dos Ramos Marcelino da Silva,Pastor Severino,M,RO,NA,NA,2º Suplente,56,0
5617,senado,NA,Sebastião Valadares Neto,Pastor Valadares,M,RO,PDT,NA,2º Suplente,56,0
5928,senado,NA,Ana Patricia de Carvalho Ribeiro Costa,Patricia Costa,F,AP,NA,NA,2º Suplente,56,0
5927,senado,NA,Paulo José de Brito Silva Albuquerque,Paulo Albuquerque,M,AP,NA,NA,1º Suplente,56,0
336,senado,NA,Paulo Gilberto Gouvêa da Costa,Paulo Gouvêa,M,SC,DEM,NA,1º Suplente,56,0
5901,senado,NA,Paulo Roberto Franco Marinho,Paulo Marinho,M,RJ,NA,NA,1º Suplente,56,0
5589,senado,NA,Paulo Henrique Campos Matos,Paulo Matos,M,MA,CIDADANIA,NA,2º Suplente,56,0
825,senado,NA,Paulo Renato Paim,Paulo Paim,M,RS,PT,NA,Titular,56,1
374,senado,NA,Paulo Roberto Galvão da Rocha,Paulo Rocha,M,PA,PT,NA,Titular,56,1
5921,senado,NA,Paulo Salamuni,Paulo Salamuni,M,PR,NA,NA,1º Suplente,56,0
6023,senado,NA,Pedro Arthur Ferreira Rodrigues,Pedro Arthur,M,RR,NA,NA,1º Suplente,56,0
453,senado,NA,Pedro Pinheiro Chaves,Pedro Chaves,M,GO,MDB,NA,1º Suplente,56,0
674,senado,NA,Pedro Fernandes Ribeiro,Pedro Fernandes,M,MA,PTB,NA,1º Suplente,56,0
4606,senado,NA,José Eleonildo Soares,Pinto Itamaraty,M,MA,PSDB,NA,1º Suplente,56,0
5922,senado,NA,Plinio Destro,Plinio Destro,M,PR,NA,NA,2º Suplente,56,0
5502,senado,NA,Francisco Plínio Valério Tomaz,Plínio Valério,M,AM,PSDB,NA,Titular,56,1
5936,senado,NA,Carlos Francisco Portinho,Portinho,M,RJ,NA,NA,1º Suplente,56,0
5971,senado,NA,Prisco Rodrigues Bezerra,Prisco Bezerra,M,CE,NA,NA,1º Suplente,56,0
5984,senado,NA,Terezinha Bazé de Lima,Professora Bazé,F,MS,NA,NA,2º Suplente,56,0
5913,senado,NA,Cicero Rafael Tenorio da Silva,Rafael Tenorio,M,AL,NA,NA,1º Suplente,56,0
5012,senado,NA,Randolph Frederich Rodrigues Alves,Randolfe Rodrigues,M,AP,REDE,NA,Titular,56,1
6018,senado,NA,Reginete Souza Bispo,Reginete Bispo,F,RS,NA,NA,2º Suplente,56,0
5236,senado,NA,José Antônio Machado Reguffe,Reguffe,M,DF,S/Partido,NA,Titular,56,1
70,senado,NA,José Renan Vasconcelos Calheiros,Renan Calheiros,M,AL,MDB,NA,Titular,56,1
5934,senado,NA,Renata Cordeiro Guerra,Renata Guerra,F,RJ,NA,NA,2º Suplente,56,0
5561,senado,NA,Renilde Silva Bulhões Barros,Renilde Bulhões,F,AL,PROS,NA,1º Suplente,56,1
5257,senado,NA,Renzo do Amaral Braz,Renzo Braz,M,MG,PP,NA,1º Suplente,56,0
5635,senado,NA,Ricardo Barreto Franco,Ricardo Franco,M,SE,DEM,NA,1º Suplente,56,0
5892,senado,NA,Raimundo Roberth Bringel Martins,Roberth Bringel,M,MA,DEM,NA,2º Suplente,56,0
677,senado,NA,Roberto Coelho Rocha,Roberto Rocha,M,MA,PSDB,NA,Titular,56,1
5986,senado,NA,Rodolfo Oliveira Nogueira,Rodolfo Nogueira,M,MS,NA,NA,1º Suplente,56,0
5905,senado,NA,Rodrigo Santos Cunha,Rodrigo Cunha,M,AL,PSDB,NA,Titular,56,1
5732,senado,NA,Rodrigo Otavio Soares Pacheco,Rodrigo Pacheco,M,MG,DEM,NA,Titular,56,1
5352,senado,NA,Rogério Carvalho Santos,Rogério Carvalho,M,SE,PT,NA,Titular,56,1
5322,senado,NA,Romario de Souza Faria,Romário,M,RJ,PODEMOS,NA,Titular,56,1
456,senado,NA,Ronaldo Ramos Caiado,Ronaldo Caiado,M,GO,DEM,NA,Titular,56,0
5945,senado,NA,Ronaldo Libardi,Ronaldo Libardi,M,ES,NA,NA,2º Suplente,56,0
5601,senado,NA,Roosevelt Vita,Roosevelt Vita,M,PB,MDB,NA,2º Suplente,56,0
5944,senado,NA,Rosana Marcia Foerste da Silva,Rosana Foerst,F,ES,NA,NA,1º Suplente,56,0
2331,senado,NA,Rosilda de Freitas,Rose de Freitas,F,ES,PODEMOS,NA,Titular,56,1
5911,senado,NA,Maria do Rosário de Fátima Biserra Rodrigues,Rosário Bezerra,F,PI,NA,NA,2º Suplente,56,0
5621,senado,NA,Rudson Leite da Silva,Rudson Leite,M,RR,PV,NA,2º Suplente,56,0
6021,senado,NA,Samuel Pereira de Araujo,Samuel Araujo,M,RO,NA,NA,1º Suplente,56,0
5038,senado,NA,Sandra Backsmann Braga,Sandra Braga,F,AM,MDB,NA,1º Suplente,56,0
5974,senado,NA,Reginauro Sousa Nascimento,Sargento Reginaldo,M,CE,NA,NA,1º Suplente,56,0
5583,senado,NA,Schariff Moyses,Schariff Moyses,M,ES,PSDB,NA,2º Suplente,56,0
5611,senado,NA,Severino Nunes de Araujo,Severino Araujo,M,PR,PSB,NA,2º Suplente,56,0
5563,senado,NA,Severino Barboza Leão,Severino Leão,M,AL,PTB,NA,2º Suplente,56,0
5916,senado,NA,Silvania Batinga de Oliveira Barbosa,Silvania Barbosa,F,AL,NA,NA,2º Suplente,56,0
5056,senado,NA,Silvia Nascimento Cardoso dos Santos Cerqueira,Silvia Nascimento Cardoso dos Santos Cerqueira,M,BA,PRB,NA,2º Suplente,56,0
5527,senado,NA,Simone Nassar Tebet,Simone Tebet,F,MS,MDB,NA,Titular,56,1
6005,senado,NA,Jose Wilson Siqueira Campos,Siqueira Campos,M,TO,DEM,NA,1º Suplente,56,1
5988,senado,NA,Soraya Vieira Thronicke,Soraya Thronicke,F,MS,PSL,NA,Titular,56,1
5959,senado,NA,Eann Styvenson Valentim Mendes,Styvenson Valentim,M,RN,PODEMOS,NA,Titular,56,1
5893,senado,NA,Suely Torres e Silva,Suely Pereira,M,MA,NA,NA,1º Suplente,56,0
5995,senado,NA,Maria Suely Alves de Oliveira Santiago,Suely Santiago,F,PB,NA,NA,2º Suplente,56,0
4560,senado,NA,Sérgio de Oliveira Cunha,Sérgio Petecão,M,AC,PSD,NA,Titular,56,1
3396,senado,NA,Tasso Ribeiro Jereissati,Tasso Jereissati,M,CE,PSDB,NA,Titular,56,1
5535,senado,NA,Telmário Mota de Oliveira,Telmário Mota,M,RR,PROS,NA,Titular,56,1
6004,senado,NA,Terciliano Gomes Araujo,Terciliano Gomes,M,TO,NA,NA,2º Suplente,56,0
5629,senado,NA,Theodorico Bezerra Netto,Theodorico Netto,M,RN,PT,NA,2º Suplente,56,0
5619,senado,NA,Thieres Pinto de Mesquita Filho,Thieres Pinto,M,RR,PTB,NA,1º Suplente,56,0
375,senado,NA,Valdir Ganzer,Valdir Ganzer,M,PA,PT,NA,1º Suplente,56,0
5899,senado,NA,Vanderlan Vieira Cardoso,Vanderlan Cardoso,M,GO,PP,NA,Titular,56,1
5748,senado,NA,Veneziano Vital do Rêgo Segundo Neto,Veneziano Vital do Rêgo,M,PB,PSB,NA,Titular,56,1
5919,senado,NA,Vilson Vilmar Basso,Vilson Basso,M,PR,NA,NA,1º Suplente,56,0
4786,senado,NA,Virginio José de Carvalho Neto,Virginio de Carvalho,M,SE,PSC,NA,2º Suplente,56,0
791,senado,NA,Vivaldo Vieira Barbosa,Vivaldo Barbosa,M,RJ,PSB,NA,2º Suplente,56,0
5914,senado,NA,Waldemar de Andrada Ignácio de Oliveira,Waldemar Oliveira,M,PE,NA,NA,1º Suplente,56,0
1173,senado,NA,Wellington Antonio Fagundes,Wellington Fagundes,M,MT,PL,NA,Titular,56,1
5411,senado,NA,Weverton Rocha Marques de Sousa,Weverton,M,MA,PDT,NA,Titular,56,1
5783,senado,NA,Zenaide Maia Calado Pereira dos Santos,Zenaide Maia,F,RN,PROS,NA,Titular,56,1
3806,senado,NA,José da Cruz Marinho,Zequinha Marinho,M,PA,PSC,NA,Titular,56,1
